name,rating,reviews,cuisine,price,location
Nawab Chatga,4.2,3128,Bengali,$$,Gulshan
Bangla Korai Restaurant,4.2,33,Bengali,৳1–200,Gulshan
Paturi Banani,4.3,1467,Bengali,$$,Gulshan
Green Bangla Khabar Restaurant,4.6,17,Bengali,N/A,Gulshan
Jadu Bangla Restaurant,4,652,Bengali,৳1–200,Gulshan
Jatra Biroti,4.1,4134,Bengali,$$$,Gulshan
Sharmin Queen,4.5,1177,Bengali,$$,Gulshan
Binni Restaurant,4,1285,Bengali,$$,Gulshan
Hello Dhaka,4.2,213,Bengali,$$,Gulshan
Terracotta Tales,4.3,2933,Bengali,N/A,Gulshan
Dhaka Metro Restaurant,4.1,1327,Bengali,$$,Gulshan
Royal Bengal,4.1,23,Bengali,N/A,Gulshan
Khushboo Restaurant,4.1,1355,Bengali,৳400–600,Gulshan
Sweets of Bengal,4.2,357,Bengali,৳1–200,Gulshan
"Ankur Restaurant, Gulshan Lake Drive",4.3,12,Bengali,N/A,Gulshan
Kosturi Kitchen,3.8,980,Bengali,$$,Gulshan
Nimtola Bangla Food Hotel,5,2,Bengali,N/A,Gulshan
Notun Polao Ghor,3.9,341,Bengali,৳200–400,Gulshan
Lucknow Dhaka,4.1,1879,Bengali,"৳2,000+",Gulshan
Sokal Sondha Biriyani House,4.8,4,Bengali,N/A,Gulshan
Yum Cha District,4.4,2654,Chinese,N/A,Gulshan
Bamboo shoot Gulshan,4.2,1193,Chinese,"৳2,000+",Gulshan
BAO,4.2,1248,Chinese,$$,Gulshan
敦煌楼,4.6,65,Chinese,"৳2,000+",Gulshan
The Red Chamber,4.2,530,Chinese,N/A,Gulshan
HAKKA DHAKA,4.2,2242,Chinese,$$,Gulshan
PD-Panda Dumplings,4.2,2108,Chinese,$$,Gulshan
Chows,4.2,1172,Chinese,"৳2,000+",Gulshan
Hongbao,4.5,545,Chinese,"৳2,000+",Gulshan
China Garden Restaurant Ltd,4.3,343,Chinese,"৳2,000+",Gulshan
"Cheong Shing Restaurant, Dhaka.",4.2,634,Chinese,"৳2,000+",Gulshan
贤聚炭烤,4.4,82,Chinese,"৳2,000+",Gulshan
Sichuan hotpot,4.7,113,Chinese,"৳2,000+",Gulshan
KFD Express,4.2,2334,Chinese,৳200–400,Gulshan
China101,4.3,236,Chinese,N/A,Gulshan
China Town BBQ,4.5,202,Chinese,"৳2,000+",Gulshan
Olive Garden,3.8,407,Chinese,"৳2,000+",Gulshan
Garlic 'n Ginger Gulshan,4,1284,Chinese,$$,Gulshan
New Cathay,4,527,Chinese,$$,Gulshan
Hakka Dhaka,4.2,44,Chinese,N/A,Gulshan
Sajna Restaurant,4.1,2702,Indian,$$,Gulshan
Amrit restaurant,4.7,963,Indian,N/A,Gulshan
Handi (Gulshan Branch),4,3730,Indian,$$,Gulshan
KHAZANA,4.3,711,Indian,N/A,Gulshan
Koyla Restaurant,4.2,2752,Indian,$$,Gulshan
Bukhara Restaurant,4.2,971,Indian,"৳2,000+",Gulshan
Flambe Restaurant,4.3,1386,Indian,$$,Gulshan
Dhaba Banani,3.9,1380,Indian,$$,Gulshan
Istanbul Restaurant Dhaka,4.1,1909,Indian,"৳2,000+",Gulshan
Tarka,4,2188,Indian,$$,Gulshan
Kareem's Dhaka,3.9,153,Indian,"৳2,000+",Gulshan
The Great Kabab Factory,4.3,2280,Indian,$$$,Gulshan
Tarka Express,4.1,44,Indian,৳400–600,Gulshan
Darbar,3.9,9,Indian,৳400–600,Gulshan
Koreana Restaurant,4.4,2770,Indian,"৳2,000+",Gulshan
Roll Xpress Cafe,4.3,2042,Indian,$$,Gulshan
Santoor Fusion Dining,4.1,37,Indian,N/A,Gulshan
Thai Emerald,4.3,2969,Thai,$$$,Gulshan
Laughing Buddha,4.4,1224,Thai,"৳2,000+",Gulshan
Thai Signatures,4.2,606,Thai,N/A,Gulshan
Soi 71,4.2,1738,Thai,"৳2,000+",Gulshan
Khao San - Gulshan,4.3,392,Thai,$$,Gulshan
Mamagocho,4.5,351,Thai,N/A,Gulshan
Pan Tao Thai Cuisine,4.2,1201,Thai,N/A,Gulshan
Krua Thai,3.9,2182,Thai,$$$,Gulshan
Ruen Busaba,4.3,578,Thai,"৳2,000+",Gulshan
Sukumvit Thai Restaurant,5,9,Thai,N/A,Gulshan
Thai Bahn,4.1,25,Thai,৳600–800,Gulshan
SILK SPOON,5,2,Thai,N/A,Gulshan
Thai Zone & Food Gallery Restaurant,5,3,Thai,N/A,Gulshan
Authentic Thai Dining,3.9,12,Thai,N/A,Gulshan
Baan Busaba,4.1,80,Thai,N/A,Gulshan
BOHO Banani,4.1,486,Thai,N/A,Gulshan
Mi Thai,4,78,Thai,৳400–600,Gulshan
Sawadee,3.8,22,Thai,N/A,Gulshan
Bella Italia,4.3,2211,Italian,$$,Gulshan
Brio: Italian Restaurant,4.4,102,Italian,"৳2,000+",Gulshan
Raffinato Ristorante Italiano,4,592,Italian,N/A,Gulshan
Prego,4.3,266,Italian,"৳2,000+",Gulshan
Pizza Da Wali,4.5,327,Italian,N/A,Gulshan
"Spaghetti Jazz, Dhaka",4.2,1044,Italian,"৳2,000+",Gulshan
Ciao Dhaka,4.3,205,Italian,N/A,Gulshan
Pizza & More,4.4,303,Italian,N/A,Gulshan
O' Play Restaurant,4.2,1791,Italian,$$$,Gulshan
Evviva Italian Ristorante,4.1,312,Italian,N/A,Gulshan
Pizza Roma,4.2,948,Italian,$$,Gulshan
Pizza Guy,4.3,3525,Italian,$$,Gulshan
MANZO Restaurant Dhaka,4.5,411,Italian,"৳2,000+",Gulshan
Only Pasta: From Flour To Flavor- Best Pasta In Bangladesh,4.7,76,Italian,৳400–800,Gulshan
Bistro-E,4.4,2024,Italian,$$$,Gulshan
Pizza Italiana,4.1,176,Italian,$$,Gulshan
PastaMania Bangladesh,4.2,278,Italian,৳400–600,Gulshan
Pizza Bellino - Gulshan,5,12,Italian,N/A,Gulshan
Pizza Milano BD,4.4,60,Italian,"৳1,000–1,200",Gulshan
Pizza Inn Gulshan 1,4.1,3566,Italian,$$$,Gulshan
কিমবাপ হাউজ বাই কোরিয়ানা রেস্টুরেন্ট,4.5,146,Korean,N/A,Gulshan
MOJA Korean Fusion Restaurant,4.9,286,Korean,N/A,Gulshan
Goong The Castle,4.4,834,Korean,"৳2,000+",Gulshan
Sura Korean Restaurant,4.3,633,Korean,"৳2,000+",Gulshan
Sol,5,2,Korean,N/A,Gulshan
Kora Fry,4.2,83,Korean,৳200–400,Gulshan
Kimchi Season,5,3,Korean,N/A,Gulshan
ABSOLUTE KOREAN,3,67,Korean,N/A,Gulshan
Mokja BD,4.3,64,Korean,N/A,Gulshan
Flames of Korea,4,220,Korean,N/A,Gulshan
Bunka: Oriental All-You-Can-Eat,4.1,474,Korean,"৳2,000+",Gulshan
New Dragon 新龙轩,4,81,Korean,N/A,Gulshan
Asian Express,2.8,4,Korean,N/A,Gulshan
bbq Bangladesh Banani,4.2,1063,Korean,$$$,Gulshan
Izumi Japanese Kitchen,4.5,2126,Japanese,"৳2,000+",Gulshan
Takumi,4.6,497,Japanese,"৳2,000+",Gulshan
kiyoshi,4.4,1491,Japanese,$$$,Gulshan
Sushi Tei Bangladesh,4.3,1114,Japanese,"৳2,000+",Gulshan
Umai,4.3,683,Japanese,"৳2,000+",Gulshan
Tokyo Kitchen,4.2,1890,Japanese,$$,Gulshan
Izakaya Gulshan,4.4,45,Japanese,"৳2,000+",Gulshan
Teppanyaki Dhaka,4.4,34,Japanese,"৳2,000+",Gulshan
Tokyo Express,4.2,1860,Japanese,$$,Gulshan
Ginza,4.2,2464,Japanese,$$,Gulshan
Konami Dhaka,4.7,68,Japanese,"৳2,000+",Gulshan
Fools Diner,4.4,2117,Japanese,$$,Gulshan
Sushi Samurai,4.1,990,Japanese,$$$,Gulshan
Nori,4.5,596,Japanese,N/A,Gulshan
Yumi at Sheraton Dhaka,4.5,208,Japanese,"৳2,000+",Gulshan
Teriyaki Boy & Sizzlin' Steak,4.4,203,Japanese,N/A,Gulshan
"Japanese Restaurant ICHI in Banani, Dhaka.",4,340,Japanese,$$$,Gulshan
Sushi Go,4.3,123,Japanese,N/A,Gulshan
Samdado Japanese Cuisine,4.5,2,Japanese,N/A,Gulshan
Hiroshi Ramen,4.4,44,Japanese,"৳2,000+",Gulshan
El Toro Mexican Restaurant,4.1,1131,Mexican,$$$,Gulshan
Taqueria Lola,4.1,446,Mexican,$$,Gulshan
Dos Locos,3.7,50,Mexican,N/A,Gulshan
Cilantro,4.1,1880,Mexican,$$$,Gulshan
Cafe Mario's,3.8,5,Mexican,N/A,Gulshan
El Toro Express,N/A,N/A,Mexican,N/A,Gulshan
Taco Twist,3.3,3,Mexican,N/A,Gulshan
Texas Flame | Best Steakhouse In Dhaka,4.9,3391,Mexican,"৳2,000+",Gulshan
Delhi Tacos,3.3,3,Mexican,N/A,Gulshan
TODOS SANTOS,4,91,Mexican,N/A,Gulshan
RUYI BARBECUE,4.5,136,BBQ,"৳2,000+",Gulshan
Bar.B.Q Tonight,4.3,1067,BBQ,$$$,Gulshan
Bar B Q Tonight Dhaka,4.6,7,BBQ,"৳2,000+",Gulshan
Woodhouse Grill Banani,4.6,10044,BBQ,"৳2,000+",Gulshan
Meat Theory,4.8,5008,BBQ,"৳2,000+",Gulshan
Steak & Marrow,4.6,905,BBQ,"৳2,000+",Gulshan
Charcoal BAR & BBQ Restaurant,4.5,437,BBQ,"৳2,000+",Gulshan
Sky Pool Restaurant,4.3,449,BBQ,"৳2,000+",Gulshan
Grill On The Skyline,4.5,209,BBQ,N/A,Gulshan
Bar B Q Tonite,4.2,3322,BBQ,$$,Gulshan
Woodhouse Grill Gulshan,4.8,1069,BBQ,"৳2,000+",Gulshan
Beyond Buffet (Gulshan),4,3979,BBQ,$$$,Gulshan
Grill Theory,4.7,66,BBQ,N/A,Gulshan
Pizzaburg Gulshan,4.8,4672,BBQ,৳200–600,Gulshan
Oro Dhaka,4.4,610,BBQ,"৳2,000+",Gulshan
Chef's Table - Gulshan 2,4.5,9928,BBQ,N/A,Gulshan
Kacchi Bhai - Gulshan,4.2,3443,Biryani/Kacchi,৳200–400,Gulshan
Sultan's Dine Gulshan Branch,4.3,11503,Biryani/Kacchi,৳400–600,Gulshan
Fakhruddin Biriyani & Restaurant - Gulshan 1,3.9,2715,Biryani/Kacchi,৳200–400,Gulshan
Kacchi Bhai - Taste Of Traditional Kacchi,4.1,5225,Biryani/Kacchi,৳200–400,Gulshan
Kacchi Bhai - Khilgaon,4.6,809,Biryani/Kacchi,$$,Gulshan
Bhagyakul Kacchi Ghor,4.3,10,Biryani/Kacchi,"৳2,000+",Gulshan
Kolkata Kacchi Ghor,4.1,5490,Biryani/Kacchi,৳200–400,Gulshan
Kacchi Bhai,4,7782,Biryani/Kacchi,৳200–400,Gulshan
Noyon Biriyani House,4.2,5856,Biryani/Kacchi,৳1–200,Gulshan
Kacchi Bhai - Banasree,4.1,1510,Biryani/Kacchi,৳200–600,Gulshan
Kacchi Bhai- Baily Road,4,2295,Biryani/Kacchi,৳200–400,Gulshan
Kacchi Bhai - Uttara,4.1,5539,Biryani/Kacchi,৳200–400,Gulshan
Pagla Baburchi,4.1,1492,Biryani/Kacchi,N/A,Gulshan
Kacchi Bhai - Dhanmondi,4,5636,Biryani/Kacchi,৳200–600,Gulshan
Bismillah Hanif Biriyani and Restaurant,3.8,17,Biryani/Kacchi,৳200–400,Gulshan
Halal Bashmoti Kacchi Biriyani,4.4,200,Biryani/Kacchi,৳200–400,Gulshan
"Domino’s Pizza, Gulshan 1",4.3,825,Pizza,$$,Gulshan
Cheez Banani,4.4,2174,Pizza,$$,Gulshan
Pizza Hut,4.2,1226,Pizza,$$,Gulshan
Domino's Pizza Banani,4.4,2257,Pizza,$$,Gulshan
Pizza Hut Gulshan 2,4.2,248,Pizza,$$,Gulshan
Pizza Inn Banani,4,1465,Pizza,"৳800–1,000",Gulshan
PizzaBurg Bashundhara,4.8,9977,Pizza,$$,Gulshan
Farmhouse Burger,4.3,2178,Burger,$$$$,Gulshan
American Burger | Gulshan 2,4.3,985,Burger,৳200–400,Gulshan
Burger King Gulshan 2,4.2,3042,Burger,$$,Gulshan
Smash N Stack Burgers,4.5,86,Burger,৳400–600,Gulshan
BurgerGo - Gulshan,5,14,Burger,N/A,Gulshan
Herfy Bangladesh,4.3,9053,Burger,$$,Gulshan
Burger King Banani,4.2,4301,Burger,N/A,Gulshan
American Burger Banani,4.3,573,Burger,৳200–400,Gulshan
Chillox Banani,4.4,5715,Burger,৳200–400,Gulshan
Takeout Banani,4.4,5914,Burger,৳400–600,Gulshan
Smashed Burgers,4,505,Burger,N/A,Gulshan
Boogeyman,4.7,41,Burger,N/A,Gulshan
SHACK,4,78,Burger,৳200–400,Gulshan
Takeout Gulshan,4.3,52,Burger,৳400–600,Gulshan
"Madchef Banani, Dhaka.",4.3,3946,Burger,৳400–600,Gulshan
Burger Lab,4.3,1536,Burger,৳200–400,Gulshan
Madchef & Cheez! Gulshan 1,4,156,Burger,N/A,Gulshan
Burger Time,4.5,50,Burger,N/A,Gulshan
BFC (Best Fried Chicken),4.2,2308,Fast Food,৳200–400,Gulshan
South Avenue Tower,4.2,6224,Fast Food,$$,Gulshan
KFC RM Center,4.2,1963,Fast Food,৳200–600,Gulshan
"KSA ALBAIK INTERNATIONAL - Gulshan 2,Dhaka",3.8,451,Fast Food,N/A,Gulshan
CP Five Star (Tummy Yummy),4,427,Fast Food,৳1–200,Gulshan
Galito's Gulshan-2,4.2,1100,Fast Food,$$$,Gulshan
Crisp Gulshan 1,3.8,153,Fast Food,৳200–400,Gulshan
Khana's Banani,4.2,867,Fast Food,৳200–400,Gulshan
Fry Bucket - Gulshan 1,4.4,28,Fast Food,৳200–400,Gulshan
Tabaq Coffee | Gulshan Avenue,4.5,4555,Cafe,$$,Gulshan
The Coffee Lounge Bangladesh,4.6,204,Cafe,N/A,Gulshan
HEXA Dine - Restaurant & Café,4.2,744,Cafe,N/A,Gulshan
Happiness Cafe,4.3,496,Cafe,N/A,Gulshan
NORTH END coffee roasters Cityscape,4.6,4446,Cafe,$$,Gulshan
Cafe Colombia,4.5,362,Cafe,N/A,Gulshan
Gloria Jean's Coffees,4.4,7474,Cafe,$$$,Gulshan
Kiva Han,4.2,2377,Cafe,$$,Gulshan
NORTH END coffee roasters LK Tower 2,4.5,4935,Cafe,৳200–600,Gulshan
The Cafe Rio (Gulshan - 1),4,2262,Cafe,"৳1,200–1,400",Gulshan
Biancaffé Gulshan,4.6,107,Cafe,N/A,Gulshan
KONA Cafe,4.2,320,Cafe,N/A,Gulshan
"Gloria Jean's Coffees, Gulshan 1",4.4,8997,Cafe,$$$,Gulshan
Crimson Cup Coffee,4.3,1169,Cafe,$$$,Gulshan
Sparrows,4.1,685,Cafe,N/A,Gulshan
C House Café,4.3,137,Cafe,N/A,Gulshan
The White Canary Café,4.2,1971,Cafe,$$$,Gulshan
NORTH END coffee roasters Shahabuddin Ahmed Park,4.5,1187,Cafe,$$,Gulshan
Boithok,4.3,1363,Bengali,$$,Banani
Salam's Kitchen,4,3401,Bengali,৳400–600,Banani
Chilekotha Restaurant Banani,3.6,1509,Bengali,$$,Banani
Taj Mahal Tandoori & Kabab,4.1,360,Bengali,৳1–200,Banani
Khichuriwala,4.5,72,Bengali,N/A,Banani
"Bumble Bee Dhaka, Cafe & Chinese Restaurant",4.7,9,Chinese,N/A,Banani
Chilis,4.2,383,Chinese,"৳2,000+",Banani
Tame The Dragon,4.6,7,Chinese,N/A,Banani
Travel East Banani,4.2,857,Chinese,N/A,Banani
Shanghai 10,4.2,102,Chinese,N/A,Banani
Hello Fried Rice,4.4,17,Chinese,N/A,Banani
Aaheli Kabab and Chinese Restaurant,4,579,Chinese,৳400–600,Banani
Shang High,3.9,222,Chinese,N/A,Banani
Bibi Dhaba,4.3,67,Indian,$$,Banani
"Salt n' Spice, Banani",4.7,15,Indian,N/A,Banani
Thai Chi Restaurant & Cafe,4.1,5350,Thai,$$,Banani
Thai Orient Express,4.2,5,Thai,N/A,Banani
Thai Garden Chinese & Thai Restaurant,4,1133,Thai,$$,Banani
Alfresco Banani,4.2,3279,Italian,৳400–600,Banani
Villa Azzur,4.3,449,Italian,N/A,Banani
OVEN,4.2,103,Italian,N/A,Banani
Hungry Pizza Lovers,5,3,Italian,N/A,Banani
Zephyr Restaurant & Lounge,4.4,638,Italian,N/A,Banani
Barcode Cafe,4.3,4563,Italian,$$,Banani
Banani lake,3.8,4,Korean,N/A,Banani
Korean Mart Ltd,4.3,469,Korean,N/A,Banani
Little Korea,4.1,399,Korean,N/A,Banani
KIRIKO,4.1,123,Japanese,"৳2,000+",Banani
Runrunty Japanese Restaurant & Cuisine,4,8,Japanese,N/A,Banani
Cielo Rooftop Banani,4.1,1286,Mexican,N/A,Banani
Arrowhead Grill,4.7,2873,Mexican,"৳2,000+",Banani
Steakout,4.6,4611,Mexican,"৳2,000+",Banani
Time Out,4.2,2328,Mexican,$$,Banani
Tagore Terrace,4.3,1669,Mexican,$$,Banani
Tree House,4.2,2889,Mexican,$$,Banani
Margarita Storm powered by Sunrise Tacos,5,2,Mexican,N/A,Banani
Meat Story,4.5,611,BBQ,৳400–600,Banani
Manzar Banani,4.5,32,BBQ,N/A,Banani
Haji Biriyani Banani,3.5,102,Biryani/Kacchi,৳200–400,Banani
Kacchi Bari,4.5,887,Biryani/Kacchi,৳200–400,Banani
Bashmoti Kacchi,4.1,2448,Biryani/Kacchi,৳200–400,Banani
Sultan's Dine - Dhanmondi,4.2,21456,Biryani/Kacchi,৳400–600,Banani
Siyam Biriyani House,3.7,9,Biryani/Kacchi,N/A,Banani
Gh,4.3,679,Biryani/Kacchi,৳400–600,Banani
Pizzerian's Piece,5,11,Pizza,N/A,Banani
Pizza Hut Banani,4.2,1556,Pizza,$$,Banani
"PIZZA HOT & TASTY, Banani",5,5,Pizza,N/A,Banani
G.M.T Catering Services,5,43,Pizza,N/A,Banani
Herfy - Banani,4.3,3001,Burger,$$,Banani
Burger Xpress - Banani - Takeout Only,4,77,Burger,৳200–400,Banani
BFC - Banani,4.2,3374,Burger,৳200–400,Banani
Burgwich TOWN Dhaka,4.4,183,Burger,N/A,Banani
KFC Banani,4,1933,Fast Food,$$,Banani
Shawarma House Banani,3.8,466,Fast Food,৳400–600,Banani
STREET FOOD RESTAURANT,4,157,Fast Food,$,Banani
Best fast food restaurant in Dhaka Banani .Wood Mood,5,2,Fast Food,N/A,Banani
Fuchka-Wali,4.2,805,Fast Food,৳200–400,Banani
NORTH END coffee roasters Borak Mehnur,4.6,4726,Cafe,$$,Banani
Coal & Coffee,4.4,672,Cafe,$$,Banani
CAF,4.3,787,Cafe,N/A,Banani
"Awake Coffee Roasters, Banani",4.8,448,Cafe,N/A,Banani
Cafe Banani,3.9,67,Cafe,৳400–600,Banani
Bosco Cafe and Bistro,4.9,27,Cafe,N/A,Banani
Tastebud,4.2,1549,Cafe,$$,Banani
Boomers Cafe,4.1,2206,Cafe,৳200–400,Banani
"Orange & Half Cafe, Bulu Ocean Tower Banani",4.9,10,Cafe,N/A,Banani
Tu do Restaurant,4.6,824,Cafe,N/A,Banani
Brewers Den ব্রুয়ারস ডেন,4.7,461,Cafe,N/A,Banani
Emerald Bakery & Cafe,4.4,695,Cafe,N/A,Banani
Bangaliana Bhoj,3.8,509,Bengali,৳200–400,Baridhara
The Atrium Restaurant,4.1,2731,Bengali,$$$,Baridhara
Bangla Kitchen | North Baridhara,4.3,15,Bengali,৳1–200,Baridhara
The Traditional Bengal,N/A,N/A,Bengali,N/A,Baridhara
Baridhara Bangla Kitchen,5,4,Bengali,N/A,Baridhara
Cafe 4 Star Hotel & Kabab,3.8,1047,Bengali,৳200–400,Baridhara
Nabihah Restaurant N` Café,4.8,19,Bengali,N/A,Baridhara
Vorta Bari Restaurant,3.8,345,Bengali,৳1–200,Baridhara
Magpie Restaurant,4,5666,Bengali,৳200–400,Baridhara
Dhakaiya Baburchi,5,4,Bengali,N/A,Baridhara
Haveli,4.8,9,Bengali,N/A,Baridhara
Hotpot restaurant,5,1,Chinese,N/A,Baridhara
驻海餐厅,5,1,Chinese,N/A,Baridhara
Sanxi Thai Chinese,3.8,1516,Chinese,$$,Baridhara
OLIO FOODS,5,1,Chinese,N/A,Baridhara
Xining Sizzler House,4.7,3,Chinese,N/A,Baridhara
Garlic 'n Ginger,4.3,2792,Chinese,$$,Baridhara
Luxrewa Bangladesh Limited,4.1,19,Chinese,"৳1,800–2,000",Baridhara
China golden restaurant,4.4,17,Chinese,"৳2,000+",Baridhara
The Chicki Chunk,5,3,Chinese,N/A,Baridhara
Shayan Enterprise.Net,5,3,Chinese,N/A,Baridhara
Mughal Mahal Indian Spicy,3.5,374,Indian,N/A,Baridhara
Little India,3.4,5,Indian,N/A,Baridhara
Desi Bites Bashundhara,4,42,Indian,N/A,Baridhara
Green Thai cuisine,5,3,Thai,N/A,Baridhara
INAZ,4.4,259,Thai,N/A,Baridhara
Taiking Thai - Chinese Restaurant and Party Centre Limited,3.8,1147,Thai,$$,Baridhara
Thai Momo,5,5,Thai,N/A,Baridhara
Pizza Circle,4.7,28,Italian,৳400–800,Baridhara
Delectus Cafe & Bistro,4.5,128,Italian,N/A,Baridhara
Margarita Resturant and Cafe,4.2,9,Italian,N/A,Baridhara
Pizza Dine,4.4,364,Italian,৳200–400,Baridhara
Italian Pizza Hut,4.1,288,Italian,৳400–600,Baridhara
Seoul Tokyo,5,2,Korean,N/A,Baridhara
little KOREA restaurant,4.7,6,Korean,N/A,Baridhara
Mashawi Cuisine Restaurant & Party Center,4.2,78,Korean,N/A,Baridhara
Yuseong ~ Wari,4.2,224,Korean,N/A,Baridhara
Midori Japanese Restaurant,4.2,43,Japanese,$$$$,Baridhara
Nobu Signature Baridhara,5,4,Japanese,N/A,Baridhara
Bonsai Japanese Restaurant,5,3,Japanese,N/A,Baridhara
Sakura Japanese kitchen,5,3,Japanese,N/A,Baridhara
TokyoDango,4.4,64,Japanese,৳1–200,Baridhara
Sushi king,4.6,14,Japanese,N/A,Baridhara
Kampai Dhaka,4.6,9,Japanese,"৳2,000+",Baridhara
Tokyo Diner,5,2,Japanese,N/A,Baridhara
"Sushi Season, Gulshan Lake Drive",3.8,17,Japanese,N/A,Baridhara
Asian Bar-Be-Cue,4.1,452,BBQ,৳1–400,Baridhara
ARMANI LOUNGE,4,408,BBQ,"৳1,000–1,400",Baridhara
Bar-B-Q Skyline,4.2,194,BBQ,$$,Baridhara
Royal bbq Chicken,4.2,1938,BBQ,N/A,Baridhara
Rajbari Food Court,4.1,3581,BBQ,৳200–400,Baridhara
The Pit Grill,4.2,1032,BBQ,"৳2,000+",Baridhara
Kacchi Ghor কাচ্চি ঘর,5,2,Biryani/Kacchi,N/A,Baridhara
Hazi Kacchi Ghar,3.8,6,Biryani/Kacchi,N/A,Baridhara
Kacchi Bari ~ Bangshal,4.4,130,Biryani/Kacchi,৳200–400,Baridhara
ক তে কাচ্চি,4,293,Biryani/Kacchi,৳200–400,Baridhara
Puranton Dhakar Kacchi Biriyani House,4.2,89,Biryani/Kacchi,৳200–400,Baridhara
Pizza Roma Basundhara,4.9,25,Pizza,"৳800–1,000",Baridhara
Pizza Lab,4.2,531,Pizza,$$,Baridhara
Slice Pizza,4.4,37,Pizza,৳200–400,Baridhara
Domino’s Pizza Basundhara R/A,4.1,319,Pizza,$$,Baridhara
Pizza Hut Bhatara,4.1,1098,Pizza,৳400–600,Baridhara
Cheez Bashundhara,4.4,341,Pizza,N/A,Baridhara
Delicious pizza-Bashundhara,4.5,11,Pizza,N/A,Baridhara
BURGEROLOGY Bashundhara R/A,4.3,2303,Burger,৳200–400,Baridhara
American Burger Bashundhara,3.9,485,Burger,৳200–400,Baridhara
American Burger at Jcx Business Tower,4.8,13,Burger,৳200–600,Baridhara
Chillox Bashundhara R/A,4.2,1233,Burger,৳200–400,Baridhara
Burger Xpress Bashundhara,4.2,129,Burger,৳200–400,Baridhara
"Smokie Patty, Gulshan Lake Drive",4.3,50,Burger,N/A,Baridhara
Chucky G,4.3,4,Burger,N/A,Baridhara
Mr. Burger,4.3,2120,Burger,$,Baridhara
American Burger Bashundhara R/A New Outlet,4.6,5,Burger,N/A,Baridhara
Fry Bucket - Baridhara,3.8,22,Fast Food,৳200–400,Baridhara
Khana's - The Club House,4.3,6463,Fast Food,৳200–400,Baridhara
Good Time Fast Food & Restaurant,4.3,50,Fast Food,৳200–400,Baridhara
Hidden Bite Fast Food & Juice Baar,5,6,Fast Food,N/A,Baridhara
Food 24 paradise,5,1,Fast Food,N/A,Baridhara
বনমায়া - Live Fast Food & Bakery,5,11,Fast Food,N/A,Baridhara
Naval Point (নেভাল পয়েন্ট),4.4,9,Fast Food,৳200–400,Baridhara
Takeout Dhanmondi,4.3,4954,Fast Food,$$,Baridhara
Traditional Table,5,1,Fast Food,N/A,Baridhara
"Dhaka Street, Bashundhara R/A",4.8,8,Fast Food,৳1–200,Baridhara
Cafe Mama,4.9,81,Fast Food,৳200–400,Baridhara
Snacks Break,5,15,Fast Food,৳1–200,Baridhara
Tabaq Coffee | Baridhara DOHS,4.4,903,Cafe,$$,Baridhara
NORTH END coffee roasters Ascott,4.5,409,Cafe,$$,Baridhara
Dallas Cafe & Restaurant,4,492,Cafe,$$,Baridhara
Daily Treats,4.8,56,Cafe,N/A,Baridhara
NORTH END coffee roasters AISD,4.6,24,Cafe,"৳800–1,000",Baridhara
CSD TESS Restaurant,4.2,378,Cafe,N/A,Baridhara
Awake Cafe & Bistro,4.3,1702,Cafe,$$$,Baridhara
Hangout,4,375,Cafe,৳200–400,Baridhara
Royal Treat Restaurant,4.6,5,Cafe,N/A,Baridhara
Nexus Cafe Palace,4.6,20,Cafe,"৳2,000+",Baridhara
NAZIRA BAZAR RELOADED,4.4,62,Bengali,৳200–400,Bashundhara
The Food Hall ~ Bashundhara R/A,3.8,2907,Bengali,$$,Bashundhara
Hazi Mobarak Biriyani House,4.2,457,Bengali,৳200–400,Bashundhara
Bashundhara Restaurant And Biryani House,4.9,16,Bengali,N/A,Bashundhara
Chui Jhal Restaurant Bashundhara,4,1058,Bengali,৳200–400,Bashundhara
Secret Recipe Bashundhara R/A Flagship,4.1,401,Bengali,$$$,Bashundhara
Dhali Food Court - Bashundhara R/A,4.1,4215,Bengali,৳200–400,Bashundhara
The Green Lounge Bashundhara R/A,4.2,1087,Bengali,$$$,Bashundhara
Bengal Dine Restaurant,4.7,76,Bengali,N/A,Bashundhara
Slice N Bites,5,3,Chinese,N/A,Bashundhara
Dumpling Flavours,5,4,Chinese,N/A,Bashundhara
"Cafe Garden, Bashundhara R/A",N/A,N/A,Chinese,N/A,Bashundhara
Kanary Restaurant,4,564,Chinese,৳200–400,Bashundhara
Sunflower,3.7,930,Chinese,৳400–600,Bashundhara
Salt & Butter,3.8,393,Chinese,৳400–600,Bashundhara
Kung Fu Noodles,3.5,62,Chinese,৳400–600,Bashundhara
Green & Pepper Restaurant,4.2,255,Chinese,$$,Bashundhara
The Momo House - Bashundhara R/A,4.1,94,Chinese,৳200–400,Bashundhara
Magpie restaurant,4.1,295,Chinese,৳200–400,Bashundhara
Ember's Dine,5,15,Indian,৳200–400,Bashundhara
Mint Leaf Restaurant,3.7,873,Indian,$$,Bashundhara
Chai Garam Bashundhara,5,1,Indian,N/A,Bashundhara
Tandooriwala Bashundhara,3.2,19,Indian,N/A,Bashundhara
Saffron Dine,3.9,118,Indian,৳400–600,Bashundhara
Delhi Biriyani,4.3,3,Indian,N/A,Bashundhara
তেহারী ঘর Tehari Ghar,4.7,6,Indian,৳200–400,Bashundhara
Dosa Express,4,1897,Indian,৳200–400,Bashundhara
Royal Garden Restaurant,5,11,Thai,N/A,Bashundhara
Thai Express,4.4,14,Thai,N/A,Bashundhara
Thai Express থাই এক্সপ্রেস,4,4,Thai,N/A,Bashundhara
Dimsum Express,5,9,Thai,N/A,Bashundhara
Wooden Spoon,4,745,Thai,$$,Bashundhara
Root & Roof Restaurant,4.9,7,Thai,N/A,Bashundhara
Street Oven Bashundhara Outlet,4.1,218,Italian,N/A,Bashundhara
Sushi On The Go,5,11,Japanese,৳200–400,Bashundhara
Sushi Oki,3.9,179,Japanese,N/A,Bashundhara
Sushi & Maki Express,5,9,Japanese,N/A,Bashundhara
TAKUMI Japanese Restaurant Uttara,4.7,80,Japanese,N/A,Bashundhara
Hasnaien's Cafe,5,8,Mexican,৳200–400,Bashundhara
Pavo Restaurant Dhaka,3.9,63,Mexican,N/A,Bashundhara
Taco Bele (Test of spicy) New,3.7,125,Mexican,৳200–400,Bashundhara
BURRITOZ,5,1,Mexican,N/A,Bashundhara
El Turkito Basundhara,3.4,15,Mexican,৳200–400,Bashundhara
El Turkito ~ Baily road,3.2,118,Mexican,৳200–400,Bashundhara
Urban Void Food Court,4.1,1076,Mexican,৳200–400,Bashundhara
Lakeview bbq & juice bar,4.9,21,BBQ,N/A,Bashundhara
Toum,4.3,305,BBQ,৳200–600,Bashundhara
Sultan's Dine Bashundhara,4.1,3383,Biryani/Kacchi,৳400–600,Bashundhara
Haji Biriyani,3.8,2026,Biryani/Kacchi,৳200–400,Bashundhara
Delhi Biryani,3.8,110,Biryani/Kacchi,৳1–200,Bashundhara
Biryani Bazar - Bashundhara R/A,3.9,17,Biryani/Kacchi,৳200–400,Bashundhara
Metro kitchen,4,2902,Biryani/Kacchi,N/A,Bashundhara
Chui & Kacchi,5,2,Biryani/Kacchi,N/A,Bashundhara
Kacchi Bhai - Karwan Bazar,3.8,405,Biryani/Kacchi,৳200–400,Bashundhara
Joes Pizza Bashundhara,4.1,11,Pizza,N/A,Bashundhara
Vittles - Bashundhara,4.2,5,Pizza,N/A,Bashundhara
Es PizzA,5,10,Pizza,৳200–400,Bashundhara
Crust & Bunz,3,56,Pizza,N/A,Bashundhara
Pizza Hut Jamuna Future Park,3.9,149,Pizza,N/A,Bashundhara
STEAK BURGER,4,1566,Burger,N/A,Bashundhara
Herfy Bashundhara,4.3,620,Burger,৳400–600,Bashundhara
Burger Mania,4,36,Burger,৳200–400,Bashundhara
Oh My Grill!,5,3,Burger,N/A,Bashundhara
☕Kudos Bashundhara☕,4.1,594,Burger,৳200–600,Bashundhara
Shawarma Damasco (Bashundhara),4.5,96,Burger,৳200–400,Bashundhara
American Blend Pizza and Edge Coffee,3.9,142,Burger,৳200–400,Bashundhara
Takeout Bashundhara,4.2,53,Burger,৳200–400,Bashundhara
KFC Bashundhara,4,697,Fast Food,$$,Bashundhara
Roadside Kitchen Bashundhara R/A,4.1,721,Fast Food,৳200–600,Bashundhara
Sara’s Cloud Kitchen - Bashundhara,4.5,22,Fast Food,৳200–400,Bashundhara
Fry Bucket - Bashundhara,3.8,71,Fast Food,৳200–400,Bashundhara
Dhaka Foods,3.7,504,Fast Food,৳200–400,Bashundhara
Food Village,4,662,Fast Food,৳400–600,Bashundhara
Crimson Cup Basundhara,4.2,1137,Cafe,৳200–600,Bashundhara
Café Leo,4.2,70,Cafe,৳600–800,Bashundhara
Cozmo Cafe & Bistro,4.2,579,Cafe,N/A,Bashundhara
Page4,4.8,52,Cafe,N/A,Bashundhara
Chayer Adda,4.2,1577,Cafe,৳1–200,Bashundhara
Brew Splash Bashundhara R/A,4.2,105,Cafe,N/A,Bashundhara
Cafe Canada,4.4,11,Cafe,N/A,Bashundhara
Shiraj Chuigosto - Uttara,4.6,857,Bengali,৳1–200,Uttara
B.N.C.C. Canteen & Restaurant,4.2,1201,Bengali,৳200–400,Uttara
Love Leen Bangla Restaurant,4.4,120,Bengali,৳200–400,Uttara
Zafran Restaurant,4.1,3072,Bengali,৳200–400,Uttara
Mejbani Khana,4.1,1993,Bengali,৳400–600,Uttara
Lake Terrace,4,3239,Bengali,$$$,Uttara
Ashta Banjan - Uttara,3.3,123,Bengali,৳200–400,Uttara
Tehari Ghar,4.3,879,Bengali,৳200–400,Uttara
Metro Kitchen,3.9,62,Bengali,৳200–400,Uttara
Falguni Restaurant,3.7,680,Bengali,৳200–400,Uttara
Ajo Idea Space,4.3,3593,Bengali,$$,Uttara
Ekushey Voj Restaurent (একুশে ভোজ রেস্তোরাঁ),3.8,631,Bengali,৳200–400,Uttara
Kabab Factory,3.8,4766,Bengali,$$$,Uttara
Bangla Dhaba,4,25,Bengali,$,Uttara
Broccoli Restaurant / Texas grill &cafe,3.8,1485,Bengali,৳200–400,Uttara
Jononi Restora (Bangla Khabar),3.7,10,Bengali,৳1–200,Uttara
Kala Bhuna & Kabab Nook,4.7,96,Bengali,৳200–400,Uttara
Islamia Kabab Ghor And Bangla Hotel,3.9,171,Bengali,৳1–200,Uttara
Mainland China Blue Uttara,4.2,1365,Chinese,"৳2,000+",Uttara
XINXIAN Restaurant,4,2581,Chinese,$$,Uttara
Dim Sum Town,4.5,973,Chinese,$$,Uttara
Golden Spoon,4,840,Chinese,$$,Uttara
Huaxing Chinese Food,4.7,63,Chinese,N/A,Uttara
Bamboo Shoot,4.2,597,Chinese,"৳2,000+",Uttara
Viva Chinese Restaurent,4.1,309,Chinese,N/A,Uttara
FOODIES' POND RESTAURANT,4.5,767,Chinese,$$,Uttara
Sìhǎi (四海),4.8,13,Chinese,N/A,Uttara
Blossom Restaurant - 百盛港式茶餐厅,4.1,193,Chinese,N/A,Uttara
Mingshi,4.6,21,Chinese,N/A,Uttara
Golden Rice,4.4,53,Chinese,N/A,Uttara
Rice & Noodle Uttara,4,744,Chinese,৳400–600,Uttara
Textile Community Restaurant,5,4,Chinese,N/A,Uttara
The Dining Lounge Uttara,4.6,652,Chinese,$$,Uttara
Royal Cuisine Restaurant (Uttara),3.8,4299,Chinese,"৳800–1,000",Uttara
Trouvaille,4.4,1601,Chinese,$$,Uttara
Roasters Uttara,4.4,32,Chinese,৳200–400,Uttara
Muslim Restaurant and Mini Chinese,4,945,Chinese,৳200–400,Uttara
Mumbai Express,4.3,759,Indian,$$,Uttara
Tandoor N Spice Uttara,3.9,188,Indian,N/A,Uttara
Indian Dosa Express,3.7,89,Indian,৳1–200,Uttara
Kacchi Darbar - Uttara,4.3,2455,Indian,৳200–400,Uttara
Khazana Restaurant & Kabab Ghar,3.8,286,Indian,৳200–400,Uttara
Sultan's Dine-Uttara,4,3468,Indian,৳400–600,Uttara
Indulge Uttara,4.4,896,Indian,N/A,Uttara
Indian Spicy,3.5,54,Indian,N/A,Uttara
Taste of India Restaurant,3.7,90,Indian,N/A,Uttara
Thai Emerald Uttara,4.3,1698,Thai,$$$,Uttara
Real Thai Sky Cafe,4,1034,Thai,$$$,Uttara
Khao San Uttara,4.1,116,Thai,N/A,Uttara
House Of Thai Uttara,3.8,415,Thai,$$,Uttara
"""স"" তে ""সতেরো"" (Couple Zone) রেস্টুরেন্ট",4.4,25,Thai,৳200–400,Uttara
Yatai,4.3,540,Thai,N/A,Uttara
Takeout Uttara,4.3,3703,Thai,৳200–400,Uttara
Project Foodie Uttara Branch,4.2,6,Thai,N/A,Uttara
PizzaBurg Uttara Branch,4.8,15670,Italian,$$,Uttara
Biancaffé Uttara,4.5,61,Italian,N/A,Uttara
Traveler's Cafe-pizza N pasta,4.9,10,Italian,N/A,Uttara
Gusto Bistro & Coffee House company,4.5,1093,Italian,$$$,Uttara
CIAO Cafe & Restaurant,4,233,Italian,N/A,Uttara
Domino's Pizza Uttara,4.2,2344,Italian,$$,Uttara
EATALIA Restaurant,3.6,25,Italian,৳600–800,Uttara
Alfresco Uttara,4.1,1708,Italian,$$,Uttara
Pizza inn Uttara,4.1,230,Italian,$$,Uttara
Oven Fresh,4.4,3208,Italian,৳200–400,Uttara
VIRGO LOUNGE,4.2,411,Italian,N/A,Uttara
Pizza Hut Uttara-13,4.2,1723,Italian,$$,Uttara
"Pizza Hut, Uttara",4.2,1388,Italian,$$,Uttara
La Mirchi Eatery & Cafe,4.2,1104,Italian,N/A,Uttara
Pipaju,4.2,13,Italian,৳200–400,Uttara
Dae Jang Geum DHAKA,4.3,49,Korean,"৳2,000+",Uttara
Korean restuarent utara,5,2,Korean,N/A,Uttara
House of Ramen,4.5,137,Korean,৳400–600,Uttara
KURO,4.6,11,Korean,"৳800–1,000",Uttara
Izakaya Uttara,4.7,435,Korean,N/A,Uttara
KUNG FOOD,3.9,578,Korean,$$,Uttara
Bipul hotel and suit vander,N/A,N/A,Korean,N/A,Uttara
Yama Hotpot & Grill,4.4,373,Korean,"৳2,000+",Uttara
D's Bistro,4.7,172,Korean,৳400–600,Uttara
Tokyo Kitchen Uttara,4,71,Korean,N/A,Uttara
Sushi Momo Uttara,4.2,290,Japanese,৳200–400,Uttara
Sushi yAki Uttara,4.1,266,Japanese,$$,Uttara
Kyoto Bangladesh,4.3,134,Japanese,N/A,Uttara
Japanese Restaurant Nagasaki,4.3,117,Japanese,N/A,Uttara
Sumo Sushi Restaurant,3.8,236,Japanese,N/A,Uttara
TBC - Uttara,4.2,110,Japanese,N/A,Uttara
Mokja BD_Uttara,5,3,Japanese,৳200–400,Uttara
El Turkito uttara,3.9,57,Mexican,৳200–400,Uttara
Cartel restaurants,3.9,23,Mexican,N/A,Uttara
Fajitas Uttara,3.8,331,Mexican,৳200–600,Uttara
The Cafe Rio Ltd. (Uttara Branch),4,4220,Mexican,"৳800–1,000",Uttara
Taco Spicy,4.1,65,Mexican,৳200–400,Uttara
Jalapeno Café Lebanese,4.3,522,Mexican,N/A,Uttara
Checkers,4.1,1450,Mexican,৳200–400,Uttara
Madchef Uttara,4.1,1869,Mexican,৳400–600,Uttara
Fresh Pizza,4.4,173,Mexican,৳200–400,Uttara
Ocaso Skyscape,3.9,730,Mexican,N/A,Uttara
Campfire,4.2,402,Mexican,$$,Uttara
Soul Spice Restaurent,4.1,8,Mexican,N/A,Uttara
Cheese n Chicken,4.2,171,Mexican,৳200–400,Uttara
"Taza BBQ House, Uttara Branch",3.2,71,BBQ,N/A,Uttara
Kath Koyla BBQ,4.2,28,BBQ,N/A,Uttara
Sky Line Rooftop Live BBQ Restaurant,4.8,4,BBQ,N/A,Uttara
Candle Park Cafe n Restaurant,4.2,22,BBQ,৳200–400,Uttara
The Grill Master,3.2,16,BBQ,৳400–600,Uttara
Chillox Uttara,4.2,4059,BBQ,৳200–400,Uttara
The Cafe Rio - Uttara,3.6,2288,BBQ,"৳800–1,000",Uttara
SAO 26,4.3,1326,BBQ,$$,Uttara
Cafe Darbar Uttara,4.1,2891,BBQ,৳200–600,Uttara
মিস্টার মানিক ফুডস,4.1,3400,BBQ,৳200–400,Uttara
Kacchi Dine - Uttara রাজলক্ষ্মী,4,66,Biryani/Kacchi,৳400–600,Uttara
dhali dining-Authentic Kacchi Biriyani,4.3,11,Biryani/Kacchi,N/A,Uttara
Kacchi Xpress | Uttara,3.6,550,Biryani/Kacchi,৳200–400,Uttara
Nawabi Khana,4.6,348,Biryani/Kacchi,N/A,Uttara
Kacchi wali,3.6,90,Biryani/Kacchi,N/A,Uttara
Pach Bhai Restaurant,4.2,127,Biryani/Kacchi,৳200–400,Uttara
Nanna Biryani,3.8,229,Biryani/Kacchi,৳200–400,Uttara
Kacchi Wala Uttara,3.8,722,Biryani/Kacchi,৳200–400,Uttara
গোল্ডেন পিজ্জা হাউজ (Golden Pizza House),4.2,352,Pizza,৳200–400,Uttara
Domino's Pizza Uttara - 6,4.1,129,Pizza,$$,Uttara
Pizza Hut Uttara Sector 6,4.2,79,Pizza,$$,Uttara
Pizza Da Town Uttara,5,4,Pizza,N/A,Uttara
Oven Pizza (ওভেন পিৎজা) Uttara Sector 14,4.6,36,Pizza,৳400–600,Uttara
Le Pizzariano & Cafe,4.6,26,Pizza,N/A,Uttara
Cheez Uttara,4.3,318,Pizza,N/A,Uttara
MadNess PizZa,4.4,43,Pizza,N/A,Uttara
Nishu's Pizza Zone,4.8,5,Pizza,N/A,Uttara
Oven Pizza & Tacos,4.2,239,Pizza,৳200–400,Uttara
Uttara Pizza House,3.6,23,Pizza,৳200–400,Uttara
PizzaBurg,4.7,26149,Pizza,৳200–600,Uttara
American Burger,4.1,166,Burger,৳200–400,Uttara
Buns & Patty - Gourmet Burger Joint,4.5,22,Burger,৳200–400,Uttara
Burger Lab Uttara,4.2,423,Burger,৳200–400,Uttara
Burger King Uttara,4,2024,Burger,৳200–400,Uttara
Herfy - Uttara,4.3,1837,Burger,৳400–600,Uttara
The Big Q,4.9,143,Burger,N/A,Uttara
Dip Fry and Steak,4.4,181,Burger,N/A,Uttara
Fuoco Flagship - Uttara,4.3,859,Burger,৳200–400,Uttara
Kudos Uttara,4.2,1866,Burger,৳200–400,Uttara
Foodx,4.9,11,Burger,N/A,Uttara
Burgrill Bangladesh,4.5,59,Burger,N/A,Uttara
KFC Uttara 13,4.1,3837,Fast Food,$$,Uttara
Khana's Uttara Flagship,4.1,928,Fast Food,৳200–400,Uttara
KFC,4.1,1704,Fast Food,$$,Uttara
Khana's Uttara Classic,4.1,1422,Fast Food,৳200–400,Uttara
Coffeelicious Coffee Uttara,4.1,2648,Cafe,৳400–600,Uttara
Hobnob Coffee,4.3,2459,Cafe,$$,Uttara
Boncafe Uttara,4.3,786,Cafe,$$,Uttara
RAAGA ART CAFE,4.2,898,Cafe,$$,Uttara
Karai Cafe,4.1,504,Cafe,৳400–600,Uttara
Grassroot Cafe Uttara,4.2,234,Cafe,N/A,Uttara
Broast Cafe,4.2,462,Cafe,N/A,Uttara
Canvas Cafe and Restaurant,3.9,146,Cafe,$$,Uttara
Crimson Cup Uttara,4.3,3047,Cafe,৳400–600,Uttara
Royal Bengal Restaurant,4.1,331,Bengali,N/A,Mirpur
Bangaliana Bhoj - Mirpur,3.8,466,Bengali,৳200–400,Mirpur
Rabbani Hotel & Restaurant,4.1,10527,Bengali,৳200–400,Mirpur
Bengal Biriyani,4.5,13,Bengali,N/A,Mirpur
Bangla Beef Secret - Mirpur 1 Branch,4.7,6,Bengali,N/A,Mirpur
Khichuri Bari,3.1,134,Bengali,৳200–400,Mirpur
Nogor Bangla Khabar,4.3,67,Bengali,৳400–600,Mirpur
Bangla Beef Secret,3.9,135,Bengali,৳200–400,Mirpur
Bangla Restaurant,4.5,4,Bengali,N/A,Mirpur
জান্নাত হোটেল এন্ড রেস্তোরা,5,1,Bengali,N/A,Mirpur
BiyeBari Restaurant - Mirpur 12,4,248,Bengali,N/A,Mirpur
Grand Moharaj,4,770,Bengali,৳1–200,Mirpur
Suptir Roshoi Khana,5,2,Bengali,N/A,Mirpur
Purnima Restaurant,3.8,4664,Bengali,৳200–400,Mirpur
রফিকের ভর্তা ভাত হোটেল,4.2,792,Bengali,৳200–400,Mirpur
Al-Baraka Hotel & Restaurant,3.8,2908,Bengali,৳200–400,Mirpur
বাসমতি ঘর(Basmati Ghor),N/A,N/A,Bengali,N/A,Mirpur
Showkot Kabab Ghor,4,3416,Bengali,৳200–400,Mirpur
ThangabaliBD,3.9,227,Bengali,৳200–400,Mirpur
Bengali food and cafe Ltd. ( bfcl )- বেঙ্গলী ফুড এন্ড ক্যাফে,4.6,8,Bengali,N/A,Mirpur
Xinxian Restaurant | Mirpur-10,4,3390,Chinese,$$$,Mirpur
Grand Prince Thai & Chinese Restaurant,3.8,1604,Chinese,$$,Mirpur
Kiyangshi Thai & Chinese Restaurant,3.9,1610,Chinese,$$,Mirpur
"Xinxian Restaurant, Mirpur 1",4.2,479,Chinese,N/A,Mirpur
City Mahal Chinese Restaurant And Convention Center Ltd.,3.7,1755,Chinese,$$,Mirpur
Grand Prince Chinese & Convention Hall,4.1,1882,Chinese,$$,Mirpur
Piyang King Thai and Chinese Restaurant - Mirpur-10,3.8,390,Chinese,৳400–600,Mirpur
Shahin Thai & Chinese Restaurant,4.4,26,Chinese,৳200–400,Mirpur
Grand Prince Chinese Restaurant,4.1,216,Chinese,N/A,Mirpur
Chilis Restaurant (Mirpur-12),3.9,620,Chinese,N/A,Mirpur
Night Queen Thai & Chinese Restaurant,3.8,236,Chinese,N/A,Mirpur
Golden Park Chinese Restaurant - Mirpur-10,3.7,269,Chinese,"৳800–1,000",Mirpur
New Melbourne Thai & Chinese Restaurant,3.7,468,Chinese,N/A,Mirpur
AHAR RESTAURANT,3.9,85,Chinese,৳200–400,Mirpur
Bay Leaf Restaurant,3.8,1052,Chinese,৳400–600,Mirpur
AVANO - Asian Fusion Restaurant,4.8,1636,Chinese,N/A,Mirpur
"Four Seasons Restaurant, Mirpur-11",3.9,73,Chinese,N/A,Mirpur
Kings Chinese Restaurant,4.1,54,Chinese,N/A,Mirpur
Friends Food And Restaurant,4.5,30,Chinese,N/A,Mirpur
"DOSA Express Mirpur, Indian restaurant",3.7,106,Indian,N/A,Mirpur
The East Indian Eatery (Mirpur),3.8,35,Indian,৳400–600,Mirpur
Café Meta Four Restaurant,5,2,Indian,N/A,Mirpur
Desi Dosso,5,1,Indian,N/A,Mirpur
Santoor Restaurant,4.1,1980,Indian,$$,Mirpur
Signature Food Court,4,1546,Indian,৳200–400,Mirpur
Kacchi Darbar Mirpur,4.7,316,Indian,৳200–400,Mirpur
Chef's Rooftop,4.2,938,Indian,N/A,Mirpur
LALKELLA (লালকেল্লা) restaurant,4.3,6,Indian,N/A,Mirpur
Basanta Kebin (বসন্ত কেবিন),4.3,70,Indian,৳200–400,Mirpur
Thai Garden-2 Party Center,3.9,1433,Thai,৳400–600,Mirpur
Posh Lounge Rooftop,4.5,801,Thai,৳400–600,Mirpur
Delicious Restaurant Cake & Cafe,4.1,34,Thai,৳400–600,Mirpur
MF cap and Thai Chinese restaurant,N/A,N/A,Thai,N/A,Mirpur
Thai Beans,4.7,3,Thai,N/A,Mirpur
PERI PASTA,4,1985,Italian,৳200–400,Mirpur
Pizza Sapore BD,4,399,Italian,৳200–600,Mirpur
Pizza Inn,4,2468,Italian,$$$,Mirpur
Little Italy Co,4.3,16,Italian,৳200–400,Mirpur
Pizzeria Bangladesh,4.8,97,Italian,৳200–400,Mirpur
WOW PIZZA,4.1,285,Italian,৳200–400,Mirpur
PAPIZZA,4,299,Italian,৳200–400,Mirpur
Crust & Spice,4.6,22,Italian,৳200–400,Mirpur
The Etalia,4,1822,Italian,৳200–400,Mirpur
Nongor - নোঙ্গর Rooftop,4.2,78,Italian,৳400–600,Mirpur
Pizza Station Mirpur-1,4.2,30,Italian,N/A,Mirpur
T&C,4.1,356,Italian,N/A,Mirpur
il Forno Ristorante,4,4,Italian,N/A,Mirpur
Pizza Star - Mirpur 10,4.3,97,Italian,৳200–400,Mirpur
Galleria Restaurant and Cafe,4.1,812,Italian,$$,Mirpur
Food Ranger Restaurant,3.9,196,Italian,৳200–400,Mirpur
Habit Lounge,4.5,150,Italian,৳200–400,Mirpur
Cheese Factory Mirpur,4.1,1556,Italian,৳200–400,Mirpur
Pizza N Pasta Hut,4.2,46,Italian,৳200–600,Mirpur
Korean Bangladesh Club restaurant L.T.D,4.4,575,Korean,"৳2,000+",Mirpur
seoul tteokbokki house,4.9,18,Korean,৳400–600,Mirpur
Miso Pot,4.5,10,Korean,৳200–400,Mirpur
Melting Pot (Mirpur 12),4.2,374,Korean,৳400–600,Mirpur
Melting Pot (Mirpur 1),4,202,Korean,৳400–600,Mirpur
Seoul Restaurant,3.9,1552,Korean,$$,Mirpur
Taste & Twist (Cloud Kitchen),5,1,Korean,N/A,Mirpur
Soya,4.2,1063,Korean,$$,Mirpur
EDIBOWL Mirpur-12,4,377,Korean,$$,Mirpur
Wholesale Momo,5,1,Korean,N/A,Mirpur
WOK UP 中華鍋 上,4,189,Korean,৳400–600,Mirpur
KORI,4.5,15,Korean,৳400–600,Mirpur
Supreme Dinner,N/A,N/A,Korean,N/A,Mirpur
Kiyoshi Yamada,4.8,25,Japanese,৳200–400,Mirpur
TokyoDango Mirpur,4.9,7,Japanese,৳1–200,Mirpur
Sushi Momo Mirpur,3.8,30,Japanese,N/A,Mirpur
Chef's Madness,4.2,6,Japanese,N/A,Mirpur
Flavor,4.5,2,Japanese,N/A,Mirpur
Izakaya,4.4,2088,Japanese,$$$,Mirpur
KAiZEN 改善,4.5,17,Japanese,৳200–400,Mirpur
Maple Leaf Lounge,5,8,Mexican,N/A,Mirpur
Metro Escape,4,815,Mexican,৳400–600,Mirpur
Taco Train,3.4,32,Mexican,৳200–400,Mirpur
Sky Lounge,4.1,634,Mexican,N/A,Mirpur
Pizza Hype,3.9,21,Mexican,৳200–400,Mirpur
Tacos,1,1,Mexican,N/A,Mirpur
Hungry Eyes 1 Mirpur- 11,4.5,1169,Mexican,৳1–200,Mirpur
Khana's Mirpur,4.2,3179,Mexican,৳200–400,Mirpur
Sub Lover’s Mirpur,1,1,Mexican,N/A,Mirpur
Coffee Mania,4.1,835,Mexican,৳200–400,Mirpur
Banolata Coffee Shop and Restaurant,4.1,1027,Mexican,৳400–600,Mirpur
Dos Locos Mexican Grill,4,2,Mexican,N/A,Mirpur
3 Kings BBQ & Chinese Restaurant,5,9,BBQ,N/A,Mirpur
CAFE Mushroom,4.9,71,BBQ,N/A,Mirpur
Flaming Kebab,5,1,BBQ,N/A,Mirpur
ChinaQ,5,1,BBQ,N/A,Mirpur
The Hub Rooftop Restaurant,3.9,891,BBQ,৳200–400,Mirpur
Shondhya Kabab,5,2,BBQ,N/A,Mirpur
মামার বারবিকিউ খিরি (BBQ),5,2,BBQ,N/A,Mirpur
The Buffet Stories - Mirpur,3.7,2826,BBQ,৳600–800,Mirpur
PIZZA & B.B.Q Shewrapara Branch MIRPUR,4.2,35,BBQ,৳200–400,Mirpur
Barbeque Station,3.8,45,BBQ,N/A,Mirpur
King's Barbecue Restaurant,3.8,21,BBQ,৳200–400,Mirpur
"Burger King, Mirpur",4,2709,BBQ,৳400–600,Mirpur
Big Smoke,3.6,81,BBQ,N/A,Mirpur
Madchef Mirpur,4.1,3198,BBQ,৳400–600,Mirpur
The Bubbles,4,783,BBQ,$$,Mirpur
Rakib Bot,5,2,BBQ,N/A,Mirpur
Buffet Lounge Mirpur 12,3.7,1232,BBQ,"৳800–1,000",Mirpur
Kacchi Bhai - Mirpur-1,4.1,2570,Biryani/Kacchi,$$,Mirpur
Ka Te Kacchi Mirpur-1,3.6,632,Biryani/Kacchi,৳200–600,Mirpur
City Kacchi - Shewrapara,4.5,39,Biryani/Kacchi,৳1–200,Mirpur
Hazi Nanna Biriyani,4,3728,Biryani/Kacchi,৳200–400,Mirpur
Kacchi Bhai - Mirpur 12,3.3,62,Biryani/Kacchi,৳400–600,Mirpur
Sultan's Dine,4.1,6703,Biryani/Kacchi,৳400–600,Mirpur
Nanna Biriyani Mirpur 1,3.7,575,Biryani/Kacchi,৳200–400,Mirpur
Kacchi Point,3.3,10,Biryani/Kacchi,N/A,Mirpur
Bismillah Hanif Biriyani House - Kachukhet,4.1,338,Biryani/Kacchi,৳1–200,Mirpur
Salam Biriyani House,4,216,Biryani/Kacchi,৳1–200,Mirpur
Badshahi Kacchi,3.7,71,Biryani/Kacchi,N/A,Mirpur
Bismillah Biriyani House - Mirpur DOHS,4,166,Biryani/Kacchi,৳200–400,Mirpur
Farhan Biriyani House,4,206,Biryani/Kacchi,৳200–400,Mirpur
Kacchi Hari Multi Cuisin Restaurnt & Party Palace,2.7,22,Biryani/Kacchi,N/A,Mirpur
Sultan's Dine - Mirpur 12,3.1,212,Biryani/Kacchi,৳400–600,Mirpur
Yasin Kacchi Dine,4.1,12,Biryani/Kacchi,৳200–400,Mirpur
Grand Chandu Biriyani House,4.7,11,Biryani/Kacchi,৳1–200,Mirpur
Domino's Pizza Mirpur 12,4,877,Pizza,$$,Mirpur
Street Pizza Mirpur-6,4.5,103,Pizza,N/A,Mirpur
Pizzazz Cafe,4.8,47,Pizza,৳200–400,Mirpur
Domino’s Pizza Mirpur 1,4.1,506,Pizza,$$,Mirpur
Pizza Hut - Mirpur 11,4.2,1323,Pizza,$$,Mirpur
Domino’s Pizza Mirpur 2,4.1,51,Pizza,৳600–800,Mirpur
PizzaBurg Cloud DOHS,4.2,151,Pizza,N/A,Mirpur
Diggger Mirpur,3.9,614,Pizza,$$,Mirpur
"Pizza Hut | Shewrapara, Dhaka",4,165,Pizza,$$,Mirpur
The Pizza Live Mirpur,4.4,18,Pizza,N/A,Mirpur
Burger Lab Mirpur-1,4.4,882,Burger,৳200–400,Mirpur
"Burger Xpress - Benaroshi, Mirpur 10",4.1,524,Burger,৳200–400,Mirpur
Burger Queen.com,3.8,729,Burger,৳200–400,Mirpur
Boogeyman Mirpur,4.5,158,Burger,৳200–400,Mirpur
Burger mania Mirpur,4.2,165,Burger,N/A,Mirpur
Hello Burger,4.1,167,Burger,৳1–200,Mirpur
Takeout Mirpur 1,4,82,Burger,৳400–600,Mirpur
Dark Burg Dhaka,4.7,27,Burger,N/A,Mirpur
Takeout Mirpur 11,4.2,1046,Burger,৳200–400,Mirpur
Jimmy’s,4.6,83,Burger,৳200–400,Mirpur
Hello Burger Branch 2,4.5,6,Burger,N/A,Mirpur
BURGER'S HOME,4.2,14,Burger,N/A,Mirpur
Burger King - Mirpur 12,3.2,49,Burger,N/A,Mirpur
Chillox - Mirpur 12,4,474,Burger,৳200–400,Mirpur
Burger Alchemy,5,1,Burger,N/A,Mirpur
KFC - Mirpur 6,4.1,2961,Fast Food,$$,Mirpur
BFC - Mirpur-6,4.2,2934,Fast Food,৳200–400,Mirpur
KFC - Mirpur 1,4,1810,Fast Food,$$,Mirpur
KFC Mirpur 12,4,706,Fast Food,$$,Mirpur
BFC (Best Fried Chicken) Mirpur-12,3.9,365,Fast Food,৳200–400,Mirpur
Terminal Addabaj Fast food,4.7,15,Fast Food,৳200–400,Mirpur
Khana's Mirpur 12,4.1,501,Fast Food,৳200–400,Mirpur
Shawarma Damasco,4.1,831,Fast Food,৳200–400,Mirpur
Supreme Diners,3.8,1460,Fast Food,৳200–400,Mirpur
Chillox Mirpur TFC,4,392,Fast Food,৳200–400,Mirpur
Fry Bucket – Mirpur-1,4.4,47,Fast Food,N/A,Mirpur
The Cafe Rio Ltd. (Mirpur Branch),3.8,1856,Cafe,"৳800–1,000",Mirpur
Cafe 4 Star Restaurant,4.1,223,Cafe,৳200–400,Mirpur
IZ Pâtisserie and Café,4.3,882,Cafe,N/A,Mirpur
Cafe Dastarkhana,4.2,2869,Cafe,৳200–400,Mirpur
Dream Cafe,4.2,458,Cafe,৳200–400,Mirpur
Cha & Chill - Mirpur 6,4,806,Cafe,৳1–200,Mirpur
"Celebrate Cafe & Restaurant (Pallabi, Mirpur)",4.2,610,Cafe,৳200–400,Mirpur
"Café Metro, Mirpur",4,28,Cafe,৳200–400,Mirpur
Cafe Rain Street,3.9,1349,Cafe,৳200–400,Mirpur
Cafe Gossip,3.8,275,Cafe,৳200–400,Mirpur
THE ROOF CAFE,4.6,34,Cafe,N/A,Mirpur
The Stories Cafe,4.2,74,Cafe,৳200–400,Mirpur
Crimson Cup ~ Mirpur-2 ~ Sony Square,4.4,4193,Cafe,৳200–600,Mirpur
Checkmate Café,4.6,119,Cafe,৳1–200,Mirpur
C&B Express,4.3,734,Cafe,৳200–600,Mirpur
Bheja Fry,3.8,1306,Bengali,৳400–600,Dhanmondi
Boishakhi Bangla Restora,3.9,217,Bengali,৳400–600,Dhanmondi
Habib,4,36,Bengali,N/A,Dhanmondi
Vortabari,3.9,360,Bengali,$$,Dhanmondi
Star Hotel & Kabab,4.1,28706,Bengali,৳200–400,Dhanmondi
Shodeshi স্বদেশী,4.1,169,Bengali,৳200–400,Dhanmondi
Bandhu Bilash,4.5,25,Bengali,৳1–200,Dhanmondi
"Kasundi Restora Ltd., Dhanmondi",3.9,1247,Bengali,৳200–600,Dhanmondi
Adi Ashto Banjan Restora,3.8,46,Bengali,N/A,Dhanmondi
Ashta Byanjan,3.8,3282,Bengali,৳200–400,Dhanmondi
অন্নপূর্ণা / Annapurna Peak of Indo Bangla Cuisine,4,5,Bengali,N/A,Dhanmondi
Alfresco Dhanmondi,4.1,2922,Bengali,৳400–600,Dhanmondi
Bhooter Bari Dhanmondi,3.9,1379,Bengali,৳400–600,Dhanmondi
Babumoshai Heritage,3.9,768,Bengali,৳200–400,Dhanmondi
Boomers Café,4.1,3422,Bengali,৳400–600,Dhanmondi
Biye Bari Restaurant,3.8,2049,Bengali,$$,Dhanmondi
Xinxian Restaurant,4.1,4614,Chinese,$$,Dhanmondi
Four Seasons Restaurant,4.1,4339,Chinese,$$$,Dhanmondi
Jing Ling Chinese Restaurant Ltd.,3.9,1083,Chinese,N/A,Dhanmondi
Xindian Restaurant,4,5004,Chinese,$$,Dhanmondi
Dim Sum Town Dhanmondi,4.4,821,Chinese,N/A,Dhanmondi
Panda Dumplings Dhanmondi,4.4,542,Chinese,৳200–600,Dhanmondi
New Cheers Restaurant,3.9,983,Chinese,$$,Dhanmondi
Xenial Restaurant,4,1576,Chinese,$$,Dhanmondi
Garlic 'n Ginger - Dhanmondi,4.2,2733,Chinese,$$$,Dhanmondi
Xiamen Restaurant,3.8,228,Chinese,N/A,Dhanmondi
China Kitchen,3.9,1263,Chinese,$$,Dhanmondi
Xian Restaurant,4,1546,Chinese,$$,Dhanmondi
X-group Chain Restaurant & Hospitality Management,4.7,9,Chinese,"৳800–1,000",Dhanmondi
Teriyaki,4.1,646,Chinese,$$,Dhanmondi
The Dumpling Hut,4,279,Chinese,$$,Dhanmondi
Zen,4.4,923,Chinese,N/A,Dhanmondi
Ginza Dhanmondi,4.5,483,Chinese,N/A,Dhanmondi
Handi,4.1,4379,Indian,৳400–600,Dhanmondi
Dhaba Dhanmondi,4,2437,Indian,$$$,Dhanmondi
DOSA Express Dhanmondi,3.9,221,Indian,৳400–600,Dhanmondi
Sarangi,4.6,28,Indian,৳600–800,Dhanmondi
Punjab Kitchen Dhanmondi,4.2,12,Indian,৳400–600,Dhanmondi
The Saffron Dynasty,3.8,248,Indian,N/A,Dhanmondi
Kolkata Kati Avenue Dhanmondi,3.3,11,Indian,N/A,Dhanmondi
The Great Kabab Factory ~ Dhanmondi,4.1,1419,Indian,$$$,Dhanmondi
TDIC - The Dhaka Indian & Continental,4,5,Indian,৳200–400,Dhanmondi
Chaap Ghor ~ Dhanmondi,4,361,Indian,N/A,Dhanmondi
The East Indian Eatery,4.1,11,Indian,৳200–400,Dhanmondi
Hello Momo,4.8,6,Indian,N/A,Dhanmondi
BhojShobha,4.7,67,Indian,৳200–400,Dhanmondi
BANGKOK DINING,4.5,80,Thai,N/A,Dhanmondi
Khao San - Dhanmondi,4.2,778,Thai,$$,Dhanmondi
Thai Emerald Dhanmondi,4.2,96,Thai,N/A,Dhanmondi
Woking Street,4.3,201,Thai,N/A,Dhanmondi
Thai Chai Restaurant,4.2,10,Thai,N/A,Dhanmondi
BOHO,4,414,Thai,N/A,Dhanmondi
Baan Suwan,4,8,Thai,N/A,Dhanmondi
Bangkok Flame,4,54,Thai,$,Dhanmondi
ABSOLUTE THAI,2.7,31,Thai,N/A,Dhanmondi
Red Tomato Restaurant,3.8,778,Thai,৳400–600,Dhanmondi
NOSH Dhanmondi,4.7,174,Thai,N/A,Dhanmondi
YENZO,4.1,173,Thai,N/A,Dhanmondi
Adda Multi Cuisine Restaurant,4,2967,Thai,৳400–600,Dhanmondi
Domino's Pizza | Rangs Fortune Square,4.3,9995,Italian,$$,Dhanmondi
Cafe Appeliano-Dhanmondi,3.8,175,Italian,৳400–600,Dhanmondi
Spaghetti Jazz,5,3,Italian,N/A,Dhanmondi
Pizzaburg Dhanmondi,4.8,13328,Italian,৳200–600,Dhanmondi
Hot Chef,3.8,16,Italian,N/A,Dhanmondi
Pizza Square Dhanmondi,3.8,37,Italian,N/A,Dhanmondi
Ozz Cafe,4.4,8270,Italian,৳200–400,Dhanmondi
Bella Italia - Dhanmondi,4.1,809,Italian,$$,Dhanmondi
Pizza Hut Dhanmondi,4.3,7168,Italian,$$,Dhanmondi
Espresso House,4.2,41,Italian,N/A,Dhanmondi
Cafe São Paulo Dhanmondi,4.3,617,Italian,N/A,Dhanmondi
Pizza On Time,4.4,661,Italian,N/A,Dhanmondi
Pizza Wala,4.1,310,Italian,৳200–400,Dhanmondi
Pinewood Cafe n' Restaurant,4.2,4377,Italian,$$,Dhanmondi
Pizzico,5,8,Italian,N/A,Dhanmondi
Secret Recipe Dhanmondi Flagship,4.1,3963,Italian,$$$,Dhanmondi
Absolute Korean,3,30,Korean,"৳800–1,000",Dhanmondi
The Birdman Chikin,4,18,Korean,৳400–600,Dhanmondi
Red Ninja,N/A,N/A,Korean,N/A,Dhanmondi
KornDogg Dhanmondi,4.2,6,Korean,৳1–200,Dhanmondi
Koryori - Dhanmondi,4.6,529,Korean,$$,Dhanmondi
Tornado Potato,4.9,8,Korean,N/A,Dhanmondi
Ichigo,3.8,250,Japanese,N/A,Dhanmondi
Tokyo Kitchen - Dhanmondi,4.2,52,Japanese,৳400–600,Dhanmondi
TBC-Dhanmondi,3.9,1079,Japanese,$$,Dhanmondi
Sumo the maki boy,4.8,4,Japanese,N/A,Dhanmondi
Daimasu Bangladesh,4.1,41,Japanese,"৳1,000–1,200",Dhanmondi
Yuzu,3.7,212,Japanese,N/A,Dhanmondi
Teppan-yaki,5,2,Japanese,N/A,Dhanmondi
Mitsuo,3.1,17,Japanese,N/A,Dhanmondi
Sushi Yaki Mohammadpur,4,229,Japanese,N/A,Dhanmondi
Burrito’s,4.6,5,Mexican,৳200–400,Dhanmondi
Taza Foll 1 Mexican Food,4,4,Mexican,N/A,Dhanmondi
Orabi restaurant Dhanmondi,4.1,143,Mexican,৳200–400,Dhanmondi
Fajitas,3.9,118,Mexican,৳200–400,Dhanmondi
The Courtyard at Park Heights,4.3,3070,Mexican,$$,Dhanmondi
Smokey Station,4.3,168,Mexican,N/A,Dhanmondi
Capawcino Cat Cafe & Restaurant,4.3,963,Mexican,৳200–600,Dhanmondi
The Lone Star Steakhouse Dhanmondi,4.2,1103,Mexican,"৳2,000+",Dhanmondi
Paprika,4.1,994,Mexican,৳400–600,Dhanmondi
Bar B Q Tonite (Original),4.3,222,BBQ,N/A,Dhanmondi
Deck 13,4.2,1489,BBQ,$$,Dhanmondi
Brisket & Bistro,4.3,275,BBQ,N/A,Dhanmondi
The Forest Lounge,4,2379,BBQ,"৳1,000–1,400",Dhanmondi
Western Grill,4.2,1507,BBQ,$$,Dhanmondi
Roadside Kitchen Dhanmondi,3.7,410,BBQ,N/A,Dhanmondi
BBQ Express,4.4,173,BBQ,N/A,Dhanmondi
Chillox Dhanmondi,4.3,9271,BBQ,৳200–400,Dhanmondi
Madchef Dhanmondi,4.2,3975,BBQ,৳400–600,Dhanmondi
Taza BBQ,4.3,6,BBQ,N/A,Dhanmondi
Kacchi’S,4,249,Biryani/Kacchi,৳400–600,Dhanmondi
Kacchi Voj,4.2,128,Biryani/Kacchi,৳1–200,Dhanmondi
Kacchi Xpress,3.2,205,Biryani/Kacchi,৳200–400,Dhanmondi
Lalbagh Biriyani House,4,1038,Biryani/Kacchi,৳1–200,Dhanmondi
Salam's Kitchen Premium,3.8,181,Biryani/Kacchi,৳400–600,Dhanmondi
Fokruddin Restaurant,3.8,541,Biryani/Kacchi,৳200–400,Dhanmondi
Kacchi 2.0,3.4,28,Biryani/Kacchi,৳200–400,Dhanmondi
Kacchi Bhai Mohammadpur,4.1,1881,Biryani/Kacchi,৳200–400,Dhanmondi
City Kacchi - Farmgate,5,4,Biryani/Kacchi,৳200–400,Dhanmondi
কাচ্চি বাড়ি (Kacchi Bari),4.5,4,Biryani/Kacchi,৳1–200,Dhanmondi
Salam's Kitchen panthapath,4,850,Biryani/Kacchi,৳200–400,Dhanmondi
Pizzu Dhanmondi,3.9,938,Pizza,৳400–600,Dhanmondi
Cheez Dhanmondi,4.2,1214,Pizza,$$,Dhanmondi
Diggger Dhanmondi,3.9,1055,Pizza,$$,Dhanmondi
Domino's Pizza Dhanmondi 27,4.2,653,Pizza,$$,Dhanmondi
Pizza Hut Dhanmondi 13,4.2,93,Pizza,$$,Dhanmondi
Sliced Dhaka,5,7,Pizza,N/A,Dhanmondi
Pizza lazio - Dhanmondi 27,5,7,Pizza,N/A,Dhanmondi
Live Pizza Square Dhanmondi,4,32,Pizza,N/A,Dhanmondi
American Burger Satmasjid Road Outlet,4.1,1135,Burger,৳400–600,Dhanmondi
American Burger Dhanmondi Outlet,4,526,Burger,৳200–400,Dhanmondi
Smashed Burgers (Dhanmondi),4.1,206,Burger,N/A,Dhanmondi
Burger Lab Dhanmondi,4.3,119,Burger,৳200–400,Dhanmondi
Herfy - Dhanmondi,4.4,2593,Burger,N/A,Dhanmondi
Grilled,4.2,605,Burger,৳400–600,Dhanmondi
Burger King Bangladesh,4.1,2787,Burger,৳400–600,Dhanmondi
Burger Xpress,4.1,1056,Burger,৳200–400,Dhanmondi
Crazy Burger,4,24,Burger,$$,Dhanmondi
Burger King Dhanmondi 27,3.8,51,Burger,৳400–600,Dhanmondi
Creative Students Burgers,5,1,Burger,N/A,Dhanmondi
Khana's ~ Dhanmondi,4.1,2843,Burger,৳200–400,Dhanmondi
D burger,4.5,81,Burger,৳1–200,Dhanmondi
Arabian Fast Food,4.2,2917,Fast Food,৳200–400,Dhanmondi
BFC Dhanmondi,4.2,1909,Fast Food,৳200–400,Dhanmondi
KFC - Dhanmondi,4,7166,Fast Food,$$,Dhanmondi
Euro Hut,4.1,671,Fast Food,৳400–600,Dhanmondi
KFC Dhanmondi,4.2,467,Fast Food,$$,Dhanmondi
BFC,4.1,558,Fast Food,৳200–400,Dhanmondi
FFC Dhanmondi,3.9,649,Fast Food,৳400–600,Dhanmondi
Chunk,3.8,1462,Fast Food,৳200–400,Dhanmondi
Shawarma Damasco Dhanmondi,4.8,16,Fast Food,N/A,Dhanmondi
Tabaq Coffee | Dhanmondi,4.6,1401,Cafe,৳200–600,Dhanmondi
"Pinewood: Cafe + Kitchen Dhanmondi, Road-6",4.3,3338,Cafe,$$,Dhanmondi
NORTH END coffee roasters Dhanmondi,4.6,6829,Cafe,৳200–600,Dhanmondi
Royal Cafe Experience,4.5,93,Cafe,৳200–400,Dhanmondi
HASH,4.4,246,Cafe,N/A,Dhanmondi
Uthan Cafe n Restaurant,4,762,Cafe,$$,Dhanmondi
Cafe Darbar Dhammondi,4.1,1103,Cafe,৳200–400,Dhanmondi
The Dark Music Cafe And Restaurant,3.6,1958,Cafe,৳400–600,Dhanmondi
The Cafe Rio - Dhanmondi,3.9,5218,Cafe,"৳800–1,000",Dhanmondi
Soi7,4.1,2601,Cafe,$$,Dhanmondi
"Gloria Jean's Coffees, Dhanmondi",4.2,4979,Cafe,$$$,Dhanmondi
Crimson Cup,4.4,2346,Cafe,৳200–600,Dhanmondi
Beans & Aroma Coffees | Dhanmondi Branch,4.5,357,Cafe,N/A,Dhanmondi
Bangaliana Bhoj | Mohammadpur,4.2,588,Bengali,৳200–600,Mohammadpur
New Nahar Hotel And Restaurant,4,1287,Bengali,৳200–400,Mohammadpur
Kabab Karigor & Restaurant,4.1,354,Bengali,৳200–400,Mohammadpur
Nadim Biriyani House and Restaurant - নাদিম বিরিয়ানি হাউস,4.2,423,Bengali,৳200–400,Mohammadpur
Desh Bangla Hotel and Restaurant,3.8,85,Bengali,N/A,Mohammadpur
Shiraj Chuigosto - Mohammadpur,4.2,6,Bengali,৳200–400,Mohammadpur
Al Mahbub Restaurant,4.2,1067,Bengali,৳200–400,Mohammadpur
On Fire,3.9,2305,Bengali,৳200–400,Mohammadpur
City Hotel & Biryani,3.8,383,Bengali,৳200–400,Mohammadpur
Hebaang Mohammadpur,4.1,157,Bengali,N/A,Mohammadpur
Kashbon Restora,3.8,344,Bengali,৳200–400,Mohammadpur
Rajdhani Restora - রাজধানী রেস্তোরা,4.2,391,Bengali,৳200–400,Mohammadpur
Taj Kitchen ~ Mohammadpur,3.9,798,Bengali,$$,Mohammadpur
Mayer Dowa Hotel,4,49,Bengali,৳1–400,Mohammadpur
Indian Spicy ~ Mohammadpur,3.7,610,Bengali,$$,Mohammadpur
Trishna Hotel & Restaurent,3.9,167,Bengali,৳1–200,Mohammadpur
Vhai Vhai Hotel & Restaurant,N/A,N/A,Bengali,N/A,Mohammadpur
Ling Jing Chinese Restaurant- Mohammadpur,4.7,15,Chinese,৳400–600,Mohammadpur
7G Restaurant,4.9,7,Chinese,N/A,Mohammadpur
Astra Lounge,4.8,5,Chinese,N/A,Mohammadpur
Take Out Chinese,4.8,4,Chinese,N/A,Mohammadpur
Rasana Delight & Formosa Restaurant,4.7,20,Chinese,৳1–200,Mohammadpur
Open Kitchen,4.5,11,Chinese,৳200–400,Mohammadpur
9/11,5,8,Chinese,"৳2,000+",Mohammadpur
Dhaka XO,3.5,434,Chinese,৳400–600,Mohammadpur
Soadika Chinese Restaurant & Sultani Kacchi,3.6,123,Chinese,৳200–400,Mohammadpur
FOOD PARADISE,3.8,19,Chinese,৳200–400,Mohammadpur
সিটি গার্ডেন চাইনিজ এন্ড থাই রেস্টুরেন্ট,3.7,477,Chinese,$$,Mohammadpur
Best-Ta Food | Best Momo & Dumpling in Dhaka,5,5,Chinese,N/A,Mohammadpur
The Mughal Empire Mohammadpur,4.1,1577,Indian,৳200–600,Mohammadpur
lucknowi,4.3,154,Indian,N/A,Mohammadpur
Dosa Hut Coffee & Juice Bar,3.9,817,Indian,৳200–400,Mohammadpur
Spicy6,3.9,1268,Indian,N/A,Mohammadpur
Kamal Biryani House,4,4349,Indian,৳1–200,Mohammadpur
Sip & Savory,5,5,Indian,N/A,Mohammadpur
মা দই ফুচকা,5,1,Indian,N/A,Mohammadpur
South Indian Chicken,4.8,8,Indian,N/A,Mohammadpur
Faizane Madina Biryani House (Boba Biryani),3.9,5421,Indian,৳1–200,Mohammadpur
সিমলা কাবাব,4,1,Indian,N/A,Mohammadpur
Spicy Indian Food ~ Shyamoli,3.5,120,Indian,৳200–400,Mohammadpur
Tans Cafe,4.7,95,Indian,৳1–200,Mohammadpur
Mini Thailand,5,2,Thai,N/A,Mohammadpur
Thai King Cha Mohammadpur,4.6,29,Thai,N/A,Mohammadpur
Tasty Bites,5,4,Thai,N/A,Mohammadpur
Bowl Time,4.6,23,Thai,৳1–200,Mohammadpur
Cozzy Cafe,4.8,19,Thai,৳1–200,Mohammadpur
Pizza Home,4.7,3,Italian,N/A,Mohammadpur
Cheez & Beanz - Mohammadpur,4.1,305,Italian,৳200–400,Mohammadpur
Treat Cafe & Restaurent Mohammadpur,3.9,447,Italian,N/A,Mohammadpur
Pizza Mohammadpur,3.4,193,Italian,N/A,Mohammadpur
The Cafe Rio Ltd. (Mohammadpur Branch),3.9,928,Italian,"৳800–1,000",Mohammadpur
Pizza Square,3.9,2916,Italian,৳200–400,Mohammadpur
Pizza BD Mohammadpur,4.7,11,Italian,৳1–200,Mohammadpur
Arabian Nights - Mohammadpur,3.8,233,Italian,৳200–400,Mohammadpur
Kettle Cafe,4.1,545,Italian,৳200–400,Mohammadpur
Rainforests Cafe ~ Mohammadpur,3.7,254,Italian,N/A,Mohammadpur
Urban Plates,4.8,67,Italian,N/A,Mohammadpur
The Nest,3.9,238,Italian,৳400–600,Mohammadpur
Secret Recipe,4.3,176,Italian,$$$,Mohammadpur
Slice & Bite,4.9,51,Italian,N/A,Mohammadpur
TEAXO Mohammadpur,3.5,339,Italian,৳200–400,Mohammadpur
Cookers &Cafe,3.8,75,Korean,৳200–400,Mohammadpur
Melting Pot (Mohammadpur),4.1,250,Korean,$$,Mohammadpur
Cafe Moja🍔,4.5,31,Korean,৳1–400,Mohammadpur
Gojo Ramen,4.3,497,Korean,৳400–600,Mohammadpur
Korean Skin and Health Care,4.1,12,Korean,N/A,Mohammadpur
Fry Bucket,3.1,64,Korean,৳200–400,Mohammadpur
Corn Dog,4.2,47,Korean,৳200–400,Mohammadpur
Flavyard,5,7,Japanese,৳1–200,Mohammadpur
Domino's Pizza Mohammadpur,4.2,1048,Japanese,$$,Mohammadpur
Secrets of Fiesta,4.3,621,Mexican,৳1–200,Mohammadpur
Mexican cafe,3.4,5,Mexican,N/A,Mohammadpur
The Munch Station,4,291,Mexican,৳200–400,Mohammadpur
Cafe Memories,4.6,36,Mexican,৳1–200,Mohammadpur
PizzaMo,4.2,65,Mexican,৳200–400,Mohammadpur
The Pabulum (দ্য প্যাবুলাম),4.2,1273,Mexican,৳200–400,Mohammadpur
Habibi Kababi,5,2,BBQ,N/A,Mohammadpur
Hamza Bar-B-Q,4,1,BBQ,N/A,Mohammadpur
Momo House & Juice Bar,4.6,47,BBQ,৳1–200,Mohammadpur
Kebab Express Mohammadpur,4.2,36,BBQ,৳200–400,Mohammadpur
Chillox Mohammadpur,4,1467,BBQ,৳200–400,Mohammadpur
Mostakim varieties Kabab And soup (est.1982),3.8,5376,BBQ,৳200–400,Mohammadpur
Cox’s Bazar Live Sea Food,4.8,49,BBQ,৳200–400,Mohammadpur
Bbq Nights,N/A,N/A,BBQ,N/A,Mohammadpur
Imperial Kacchi,5,3,Biryani/Kacchi,N/A,Mohammadpur
Azad Baburchi Biryani Ghar,3.9,96,Biryani/Kacchi,৳1–200,Mohammadpur
Mr. কাচ্চি বাড়ি,4,14,Biryani/Kacchi,৳200–400,Mohammadpur
Nur Biriyani House & Catering Service,3.9,180,Biryani/Kacchi,৳1–200,Mohammadpur
Taj Biriyani Mohammadpur - তাজ বিরিয়ানি,3.7,21,Biryani/Kacchi,N/A,Mohammadpur
Haji Biryani,3.7,187,Biryani/Kacchi,৳200–400,Mohammadpur
Catering Service Tehari Ghar,4.2,88,Biryani/Kacchi,৳1–400,Mohammadpur
PizzaBurg Mohammadpur,4.9,1055,Pizza,N/A,Mohammadpur
Cheesy Crust,5,12,Pizza,N/A,Mohammadpur
Pizzaburg Mohammadpur,4.4,393,Pizza,$$,Mohammadpur
Pocket Bite,4.5,2,Pizza,N/A,Mohammadpur
PIZZA GANG MOHAMMADPUR,2.8,19,Pizza,N/A,Mohammadpur
Pizza's Kingdom - Mohammadpur,5,4,Pizza,N/A,Mohammadpur
Pizza 'n Pasta,4.3,4,Pizza,৳200–400,Mohammadpur
PIZZA IN LAW,4.5,67,Pizza,৳200–400,Mohammadpur
Burger Xpress Mohammadpur - বার্গার এক্সপ্রেস মোহাম্মদপুর,4.2,578,Burger,৳200–400,Mohammadpur
Big Boss Burger,4.2,40,Burger,N/A,Mohammadpur
The Gourmet Burgers,5,4,Burger,N/A,Mohammadpur
Kudos ~ Mohammadpur,4.1,745,Burger,৳200–400,Mohammadpur
Takeout Mohammadpur,4.3,396,Burger,৳400–600,Mohammadpur
Khana's Mohammadpur - খানাস মোহাম্মদপুর,4.1,2270,Burger,৳200–400,Mohammadpur
BFC - Mohammadpur,4.1,878,Burger,৳200–400,Mohammadpur
Bachelor's Mohammadpur,4.5,51,Burger,৳200–400,Mohammadpur
Roadside Kitchen Mohammadpur (RSK),3.6,1086,Burger,৳200–600,Mohammadpur
Burger Crush ~ Mohammadpur,5,3,Burger,N/A,Mohammadpur
Burger Factory,4,1,Burger,N/A,Mohammadpur
KFC Adabor,4,2271,Fast Food,$$,Mohammadpur
Shawarma Damasco- Mohammadpur,4.5,128,Fast Food,৳200–400,Mohammadpur
Khana's Shyamoli,4.1,551,Fast Food,৳200–600,Mohammadpur
CP Five Star,3.9,551,Fast Food,৳1–200,Mohammadpur
Rapid chicken,4.1,32,Fast Food,৳200–400,Mohammadpur
BFC ~ Shyamoli,4,498,Fast Food,৳200–400,Mohammadpur
Waffle Time Mohammadpur,4.2,429,Fast Food,৳1–200,Mohammadpur
Chicken Buzz BD,4.2,54,Fast Food,৳200–400,Mohammadpur
Red'Res Fast Food,3.8,2264,Fast Food,৳400–600,Mohammadpur
Umm Cafe,4.2,183,Cafe,৳1–200,Mohammadpur
Tithidor Coffee Shop and Restaurant,4.5,80,Cafe,৳200–400,Mohammadpur
One Bite Cafe,4.7,38,Cafe,৳1–200,Mohammadpur
Cafe al mamun,4.2,123,Cafe,৳200–400,Mohammadpur
Society Cafe,4.2,614,Cafe,$$,Mohammadpur
Cha bella,4.3,738,Cafe,৳200–400,Mohammadpur
Cafe Roktim | best cafe in Mohammadpur,4.8,6,Cafe,N/A,Mohammadpur
Daily Dose Cafe and Juice Bar Mohammadpur,5,2,Cafe,N/A,Mohammadpur
Cafe Appleians,4.9,16,Cafe,৳200–400,Mohammadpur
Pitha Mela ~ Banasree,4,1128,Bengali,৳200–400,Badda
Bangla kitchen,5,2,Bengali,N/A,Badda
Panshi Hotel & Restaurant (Badda),3.7,1176,Bengali,৳200–400,Badda
Cumilla Khabar hotel,N/A,N/A,Bengali,N/A,Badda
Beresta,4.3,667,Bengali,৳200–400,Badda
Taj Mahal Restaurant,4,460,Bengali,৳200–400,Badda
দূরবীন বাংলা,4.3,764,Bengali,৳200–400,Badda
Kabri Bengali Cuisine,4.7,18,Bengali,৳1–400,Badda
Cobra Restaurant,4.5,33,Chinese,N/A,Badda
Orchid Garden Thai & Chinese Restaurant,3.8,901,Chinese,$$,Badda
Red Chilli Chinese Restaurant & Party Center,3.8,1303,Chinese,$$,Badda
Kamrul Restaurant,4,635,Chinese,৳200–400,Badda
Al-Sahal Fried Chicken,4.6,8,Chinese,N/A,Badda
Purnima Restaurant Thai Chinese & Party Center,3.2,40,Chinese,N/A,Badda
The Fry Deck,4.5,6,Indian,৳1–200,Badda
Hajrat Shah Chandrapuri restaurant,4,2,Indian,N/A,Badda
Chatga Biryani and Mezbani,5,1,Indian,N/A,Badda
AZ RESTAURANT & LOUNGE.,4.4,228,Indian,N/A,Badda
The Curry House,4,959,Indian,$$,Badda
Rome Express,3.5,15,Italian,N/A,Badda
Perfetto (পারফেত্তো),4,28,Italian,৳200–400,Badda
Pasta Club ~ Banasree,4.1,1114,Italian,৳400–600,Badda
Momo Mela,3.8,5,Korean,৳1–200,Badda
Royal Fried Chicken Converted to Family Food Court,3.9,254,Korean,N/A,Badda
SURA Korean Food Cart,4.7,12,Korean,৳1–200,Badda
Blaze & Bite,4.7,84,Korean,৳1–200,Badda
RAMEN BAR,5,6,Japanese,N/A,Badda
Oshi Sushis,4.3,13,Japanese,N/A,Badda
Mexicana,4,1,Mexican,N/A,Badda
Bangla Spoon,3.9,37,Mexican,৳1–200,Badda
GRIDDLE- MERUL BADDA,3.3,116,Mexican,৳200–400,Badda
Mexican Bite,4,4,Mexican,N/A,Badda
Mexican hot & spicy restaurant,3,2,Mexican,N/A,Badda
DHAKA KABAB GHOR,5,3,BBQ,N/A,Badda
Seafood Masala,4.5,203,BBQ,N/A,Badda
সুলতানা কাবাব ঘর,4.9,16,BBQ,৳1–200,Badda
Churrasco,4.5,62,BBQ,৳400–600,Badda
Shish Kebab,3.9,1000,BBQ,৳200–400,Badda
Ma Biriyani House,4,477,Biryani/Kacchi,৳1–200,Badda
Biryani Khabe?,4.6,13,Biryani/Kacchi,N/A,Badda
Noyon biryani house,4.2,5,Biryani/Kacchi,N/A,Badda
Domino's Pizza - Badda,4,207,Pizza,$$,Badda
Pizzaburg Banasree,4.8,4658,Pizza,$$,Badda
Pizza Nextdoor & Kaffeehaus,4.2,455,Pizza,৳400–600,Badda
pizzaburg khilgaon,4.9,11780,Pizza,৳200–600,Badda
Lakri pizza,4,16,Pizza,N/A,Badda
Pizza Hut Banasree,4.2,864,Pizza,$$,Badda
Pizza Place,3.6,336,Pizza,৳200–400,Badda
Burger People,4.3,79,Burger,N/A,Badda
Mr. Burger Banasree,4.3,351,Burger,৳200–400,Badda
3's Coffee & Burger Shop,4,43,Burger,N/A,Badda
Food Taste,5,3,Fast Food,N/A,Badda
Khana's Rampura Classic,4,586,Fast Food,৳200–400,Badda
A.F.C,3.7,281,Fast Food,৳1–200,Badda
KFC MERUL BADDA,3.8,103,Fast Food,৳200–600,Badda
Chillox Badda,3.3,90,Fast Food,৳200–400,Badda
Food kar?,4.4,7,Fast Food,N/A,Badda
Waffle Taffle,5,1,Fast Food,N/A,Badda
Takeout Banasree,4.3,98,Fast Food,৳400–600,Badda
Bindu,4,3,Fast Food,N/A,Badda
Coffee And,4.3,15,Cafe,৳200–400,Badda
"Marina Cafe & Restaurant, Gulshan Lake View",4.2,58,Cafe,৳200–400,Badda
Kashmira Cafe & Restaurant,4.5,21,Cafe,N/A,Badda
"Cafe Trust , Gulshan Lake View",3.9,209,Cafe,৳200–400,Badda
Brew Buddies,4.3,190,Cafe,N/A,Badda
Jumghor,4.7,23,Cafe,৳200–400,Badda
Chill House,4.7,13,Cafe,৳1–200,Badda
SUFI DINE (cafe & restaurant),5,1,Cafe,N/A,Badda
Snack & Sip Cafe Restaurant,4.6,5,Cafe,N/A,Badda
Kudos,3.8,86,Cafe,৳200–400,Badda
Arabika Coffee,4.8,10,Cafe,৳200–400,Badda
Dhaka. Badda,5,1,Cafe,N/A,Badda
The Coffee Theatre Bangladesh,4,4,Cafe,N/A,Badda
Alkaderia Restaurant,4.1,5142,Bengali,৳200–400,Rampura
Dhaka Hotel and Restaurant,4.1,1791,Bengali,৳200–400,Rampura
Cookery BAKERY & CAFE,5,1,Bengali,N/A,Rampura
Nawabi Voj-2,4,388,Bengali,৳200–400,Rampura
Bheto Bangali,4.3,33,Bengali,N/A,Rampura
MohorAna Buffet Lounge,4.1,51,Bengali,N/A,Rampura
Abul Hotel,4,11859,Bengali,৳200–400,Rampura
TASTE OF BENGAL,N/A,N/A,Bengali,N/A,Rampura
The Wind Lounge,4,1337,Bengali,N/A,Rampura
The Penthouse (Rooftop Luxury Restaurant),4,613,Bengali,৳400–600,Rampura
Khushbu Biriyani Kutir,3.6,5,Bengali,N/A,Rampura
Bhaat Ghor ~ SegunBagicha,4.2,476,Bengali,৳400–600,Rampura
Chilis Restaurant & Party Center,4.1,656,Chinese,N/A,Rampura
Onion Leaf Restaurant and Party Center,4.6,18,Chinese,N/A,Rampura
Luncheon multi chinese restaurant,5,1,Chinese,N/A,Rampura
Blue Olive Restaurant Ltd.,3.9,1025,Chinese,N/A,Rampura
Cafe Twisted Burg,4,1,Chinese,N/A,Rampura
Meghdot River Side Rooftop 2,5,4,Chinese,N/A,Rampura
Delic Dish,4.2,374,Chinese,৳400–600,Rampura
New Demo Restaurant,3.7,15,Chinese,N/A,Rampura
China Park - Chinese and Thai Restaurant,3.6,421,Chinese,$$,Rampura
China Land Restaurant and Party Center,3.8,114,Chinese,N/A,Rampura
Meher Cafe,3.3,90,Chinese,৳200–400,Rampura
Oliver's Lounge,3.8,994,Chinese,$$,Rampura
Vooter Adda Khilgaon,4,1776,Chinese,$$,Rampura
Golden Gate Restaurant & Party Center,3.8,485,Chinese,৳200–400,Rampura
Canton Chinese Restaurant & Bar,4,790,Chinese,$$,Rampura
Blue Moon Restaurant & Party Center,3.9,1166,Chinese,$$,Rampura
Tam al-Biryani।,4.5,2,Indian,N/A,Rampura
Mr Foodie,5,2,Indian,N/A,Rampura
Indian Delhi Darbar,5,1,Indian,N/A,Rampura
Cha Thai & Ta,4.7,34,Thai,৳400–600,Rampura
KIN THAI,5,3,Thai,N/A,Rampura
Pizzagram Rampura,4.9,15,Italian,৳200–400,Rampura
Orto Italia,5,1,Italian,N/A,Rampura
Wood Fire,4.2,478,Italian,৳400–600,Rampura
Pasta Club,4,940,Italian,$$,Rampura
Basilico,4,1354,Italian,৳200–400,Rampura
Autograph Live Music Cafe Banasree,3.9,395,Italian,$$,Rampura
The Dining Lounge Khilgaon,3.9,3764,Italian,৳200–600,Rampura
Pasta Hari,3.6,5,Italian,N/A,Rampura
m/s ma babar doya rice ejency,5,1,Korean,N/A,Rampura
KOYO Restaurant,4.2,97,Japanese,N/A,Rampura
El Cardo Banasree,4.2,398,Mexican,৳400–600,Rampura
Cafe Americano,4,333,Mexican,৳200–400,Rampura
Sub Lover's,4,1083,Mexican,৳200–400,Rampura
Mexican Burger,4.6,13,Mexican,N/A,Rampura
TAQUITOS,5,5,Mexican,৳400–600,Rampura
Sumon Bhaiyer Chicken Tanduri,4.7,3,BBQ,N/A,Rampura
Star Barbecue,4.8,6,BBQ,N/A,Rampura
Khan Saheber Kabab,5,19,BBQ,৳1–200,Rampura
Sky City BBQ,5,10,BBQ,N/A,Rampura
Uthan Rooftop Restaurant,4.1,147,BBQ,৳200–400,Rampura
Nanna Biriyani House,3.8,225,Biryani/Kacchi,৳1–400,Rampura
ভাই ভাই কাচ্চি বিরিয়ানি Bhai Bhai Katchi Biryani,5,1,Biryani/Kacchi,N/A,Rampura
Mehek Biriyani,4.5,215,Biryani/Kacchi,৳200–400,Rampura
Pizza Factory ~ Banasree,4.6,13,Pizza,৳200–400,Rampura
Pizza Hall,4.4,64,Pizza,৳200–400,Rampura
City pizza,4.8,97,Pizza,৳200–400,Rampura
Pizza Town Khilgaon,4,481,Pizza,৳200–400,Rampura
Petuk Live Pizza,4.8,20,Pizza,৳200–400,Rampura
Pizzarian BD Khilgaon,4.6,35,Pizza,N/A,Rampura
Pizzarella Banasree,4.8,270,Pizza,N/A,Rampura
Domino's Pizza Banasree,4.2,220,Pizza,$$,Rampura
Live Pizza BailyRoad,4.7,3,Pizza,N/A,Rampura
Pizza.us,4.3,168,Pizza,৳200–400,Rampura
Domino's Pizza Khilgaon,4.2,707,Pizza,$$,Rampura
Burger n Co. Rampura,5,3,Burger,N/A,Rampura
"American Burger, Banasree",3.9,36,Burger,৳200–400,Rampura
Cp Five Star-Rampura (FRY DAY),4.8,18,Burger,N/A,Rampura
Burger Xpress Baily Road,4.2,1409,Burger,৳200–400,Rampura
Burger Shop,N/A,N/A,Burger,N/A,Rampura
Alif Food,4.1,732,Burger,৳1–200,Rampura
Burger Land,4.1,12,Burger,N/A,Rampura
Kudos Banasree,4,1122,Burger,৳200–400,Rampura
Food Blast,4,302,Burger,৳1–200,Rampura
Burger House Restaurant,5,2,Burger,N/A,Rampura
Cheese Bite Banasree,4.3,737,Fast Food,৳200–400,Rampura
D4S Dinning For Smart Foodies,5,4,Fast Food,N/A,Rampura
Hot and Cold Restaurant,3.8,46,Fast Food,৳1–200,Rampura
KFC Khilgaon,4,2590,Fast Food,$$,Rampura
Mass food,5,1,Fast Food,N/A,Rampura
Herfy Khilgaon,4.5,381,Fast Food,N/A,Rampura
Snackshack | East Rampura,4,4,Fast Food,N/A,Rampura
Arhaam Rooftop Food Court,3.8,29,Fast Food,N/A,Rampura
KFC Banasree,4,607,Fast Food,$$,Rampura
Hungry Restaurant,3.8,50,Fast Food,N/A,Rampura
Food Trip Restaurant Hatirjheel,3.6,1218,Fast Food,N/A,Rampura
Kauban,4.1,60,Fast Food,N/A,Rampura
Vive Study Cafe - Hatirjheel (First Study Cafe in Bangladesh),4.6,301,Cafe,৳200–400,Rampura
CrossRoad Cafe,4.9,8,Cafe,N/A,Rampura
Cafe Bloom,4.4,21,Cafe,৳200–400,Rampura
Hangout Restaurant Live Music cafe,4.6,10,Cafe,N/A,Rampura
Cup Up,4.1,177,Cafe,৳1–200,Rampura
Marshmallow Cafe & Playzone,3.8,946,Cafe,৳200–400,Rampura
AlKaderia Cafe,3.9,265,Cafe,৳200–400,Rampura
Hongso Mangso Cafe,4.4,14,Cafe,N/A,Rampura
Delifrance,4.5,31,Cafe,৳200–400,Rampura
Apon Coffee House,4.3,9420,Cafe,৳1–200,Rampura
Cafe Cherry Drops,4,2211,Cafe,$$,Rampura
Florida Coffee & Chill,5,19,Cafe,৳400–600,Rampura
Cafe Appeliano,4,3918,Bengali,৳400–600,Khilgaon
Shiraj Chuigosto- Khilgaon,4.4,722,Bengali,৳1–200,Khilgaon
24K,4.2,747,Bengali,N/A,Khilgaon
Tradition BD,2.7,13,Bengali,৳400–600,Khilgaon
Shawarma King Restaurant & Party Center,4.3,24,Chinese,৳400–600,Khilgaon
Menisha Chinese,3.4,218,Chinese,৳400–600,Khilgaon
Chinese World,3.7,108,Chinese,N/A,Khilgaon
China Sizzling Restaurant/ Vooter Adda,3.9,1792,Chinese,$$,Khilgaon
Time Square Dine ~ Khilgaon,3.1,61,Chinese,৳400–600,Khilgaon
Sargaam Restaurant,3.6,98,Chinese,N/A,Khilgaon
Kavan,3.8,1699,Chinese,$$,Khilgaon
Alfresco Khilgaon,4.1,1904,Chinese,৳400–600,Khilgaon
Indian dosa express,4.8,4,Indian,N/A,Khilgaon
Mamun Biriyani House ~ South Banasree,4.1,410,Indian,৳200–400,Khilgaon
Alkaderia Express,3.8,787,Indian,৳400–600,Khilgaon
Masala Kebab,4,113,Indian,N/A,Khilgaon
Afghani Fire,3.9,91,Indian,৳1–200,Khilgaon
Secret Recipe Khilgaon Standard,4.1,1202,Indian,$$$,Khilgaon
Dhaka Biryani,4.1,728,Indian,৳200–400,Khilgaon
Fuoco ~ Khilgaon,4.7,2688,Italian,৳200–600,Khilgaon
Pizzabar,4.3,41,Italian,৳400–600,Khilgaon
Venetia,4.1,79,Italian,৳400–600,Khilgaon
"Live Pizza, Khilgaon",3.9,109,Italian,৳400–600,Khilgaon
CAFE IPANEMA,3.5,63,Italian,৳600–800,Khilgaon
Coco Cafe,4,194,Italian,৳200–400,Khilgaon
Cielo Rooftop Khilgaon,3.7,144,Italian,৳400–600,Khilgaon
Wasabi Khilgaon,4.1,179,Japanese,৳200–400,Khilgaon
SORA,4.1,161,Japanese,৳400–600,Khilgaon
DC Prime Cuisine & Restaurant │ Best Restaurant In Khilgaon,4.5,14,Japanese,৳200–600,Khilgaon
La Fiesta,4,807,Mexican,৳200–400,Khilgaon
Da Rooftop,4,1813,Mexican,$$,Khilgaon
Chillox Khilgaon,4.1,1995,Mexican,৳200–600,Khilgaon
Shawarma King,4,921,Mexican,৳200–400,Khilgaon
Nachos Avenue,4.4,14,Mexican,N/A,Khilgaon
Holy Fries Khilgaon,4,37,Mexican,৳200–400,Khilgaon
আফগানি নেহারী ঘর,4.4,5,BBQ,N/A,Khilgaon
BFC ~ Khilgaon,4.1,2193,BBQ,৳200–400,Khilgaon
Return Petuk,4,1,BBQ,N/A,Khilgaon
Mukta Biriyani Ghor,4.3,5507,Biryani/Kacchi,৳200–400,Khilgaon
Mamun Biriyani House - Khilgaon,4.1,647,Biryani/Kacchi,৳200–400,Khilgaon
Boba Biriyani Khilgaon,3.9,645,Biryani/Kacchi,৳200–400,Khilgaon
কাচ্চি ডাইন,3.3,19,Biryani/Kacchi,৳400–600,Khilgaon
Prince Restaurant Khilgaon,3.8,307,Biryani/Kacchi,৳1–200,Khilgaon
Allah'r Dan Biryani House ~ MadarTek,3.9,27,Biryani/Kacchi,N/A,Khilgaon
Auwal Biryani House ~ Bashabo,3.8,328,Biryani/Kacchi,৳200–400,Khilgaon
Sultan's Dine - Baily Road,3.9,2923,Biryani/Kacchi,৳400–600,Khilgaon
Mamun Biryani House ~ Basabo,3.7,24,Biryani/Kacchi,৳200–400,Khilgaon
হাজী কাচ্চি বাড়ি ~ বাসাবো,2.4,11,Biryani/Kacchi,N/A,Khilgaon
Darbar E Kacchi,4.2,13,Biryani/Kacchi,N/A,Khilgaon
Cheez!,4.1,82,Pizza,৳400–600,Khilgaon
Khana's,4.2,1832,Burger,৳200–400,Khilgaon
Cheese Bees,4.2,146,Burger,৳200–400,Khilgaon
Shawarma Damasco - Khilgaon,4.1,65,Fast Food,N/A,Khilgaon
Kababwala Tilpapara,4.2,1737,Fast Food,৳200–400,Khilgaon
Food in,4.1,103,Fast Food,৳400–600,Khilgaon
Ground Bistro,4.3,479,Cafe,৳400–600,Khilgaon
Cafe Marinade,4.2,2253,Cafe,৳200–400,Khilgaon
Cafe Sweet & Savoury,3.7,260,Cafe,N/A,Khilgaon
Spice Up Cafe,4.6,15,Cafe,৳200–400,Khilgaon
Radhuni Restaurant,4.1,423,Bengali,৳200–400,Malibagh
Sugondha Restaurant,4,129,Bengali,৳200–400,Malibagh
Nawabi Voj Baily Road,3.9,3118,Bengali,৳200–400,Malibagh
Bangla Restaurent,4.1,95,Bengali,৳200–400,Malibagh
Bhoj,4.2,2571,Bengali,৳400–600,Malibagh
Haque Restaurant & Biryani House,3.8,46,Bengali,৳1–200,Malibagh
Bangla Radhuni Hotel and Restaurant,4.5,4,Bengali,N/A,Malibagh
Baily Pitha Ghar,3.7,138,Bengali,$$,Malibagh
Malibag Mess,3.8,28,Bengali,$,Malibagh
Bangladesh,4,5,Bengali,N/A,Malibagh
Sky View Lounge ~ Shantinagar,4.1,2801,Chinese,$$,Malibagh
Sung Garden,4.1,1731,Chinese,$$,Malibagh
ইউরো গার্ডেন,3.9,709,Chinese,$$,Malibagh
Canton Chinese Restaurant,3.9,810,Chinese,$$,Malibagh
Midnight Sun-1,4,361,Chinese,N/A,Malibagh
China Town,4.1,926,Chinese,N/A,Malibagh
Vooter Adda Restaurant (Baily Road),3.8,46,Chinese,N/A,Malibagh
Bagicha Thai and Chinese Restaurant,4,901,Chinese,৳400–600,Malibagh
Sawasdee. Thai & Chinese restaurant,3.7,230,Chinese,৳400–600,Malibagh
Bird's Eye Roof Top Restaurant and Convention Hall,4.2,2510,Chinese,$$$,Malibagh
Nanna Biryani - Malibagh,3.9,214,Indian,৳1–200,Malibagh
Moubon hotel & restaurant,4.3,3,Indian,N/A,Malibagh
Masala Chowk,3,64,Indian,৳400–600,Malibagh
Saad Biriyani,4,313,Indian,৳200–400,Malibagh
Shahi Delhi Indian Food,4.8,4,Indian,N/A,Malibagh
আই.এস.সি Indian Spicy Chicken,3.6,14,Indian,৳1–200,Malibagh
Jalal Bhai Chotpoti Fuchka,4.5,13,Indian,৳1–200,Malibagh
বিসমিল্লাহ তেহারি ঘর bismillah tehari ghor,4.8,26,Indian,৳1–200,Malibagh
Alif Ayra Cafe and Restaurant,5,1,Indian,N/A,Malibagh
New Chun-Jhi Chinese & Thai Restaurant,3.5,148,Thai,$$,Malibagh
Thai Park Chinese Restaurant,3.9,598,Thai,$$,Malibagh
Red Orchid Restaurant & Party Center,3.9,1149,Thai,$$,Malibagh
Pizza Hut ~ Shiddheshwari,4.2,2994,Italian,$$,Malibagh
Pasta Garage,4.2,93,Italian,৳1–200,Malibagh
LA GONDOLA Italian Food Zone,4.7,29,Italian,N/A,Malibagh
Melting Pot (Baily Road),3.7,98,Korean,৳200–400,Malibagh
Jamjam Biriyani House,4.2,16,Korean,N/A,Malibagh
Busan Bites,N/A,N/A,Korean,N/A,Malibagh
KYOTO - At The Table,4.2,22,Japanese,৳600–800,Malibagh
Smokey Live Pizza,4.8,15,Mexican,৳200–400,Malibagh
Churrasco Dhanmondi,5,11,BBQ,N/A,Malibagh
BAILY BAR B Q,3.3,13,BBQ,N/A,Malibagh
Kashmiri Tanduri,4.4,15,BBQ,N/A,Malibagh
আহার,N/A,N/A,BBQ,N/A,Malibagh
Roadside Kitchen Khilgaon & Countryside Khilgaon,3.7,439,BBQ,৳400–600,Malibagh
Hazi kacchi Biryani & Catering Service,4.8,5,Biryani/Kacchi,N/A,Malibagh
Dhaka Biriyani House & Restaurant,3.8,55,Biryani/Kacchi,N/A,Malibagh
Fakruddin Biriyani & Cafe,3.7,1518,Biryani/Kacchi,৳200–400,Malibagh
Hazi Biryani ~ Paltan,3.8,183,Biryani/Kacchi,৳200–400,Malibagh
Muslim Biryani,3.7,113,Biryani/Kacchi,$,Malibagh
Little Yellow - Malibagh,4.1,239,Pizza,৳400–600,Malibagh
Pizza and Rice,4.8,65,Pizza,৳200–400,Malibagh
Pizza Mastan Baily Road,4,252,Pizza,৳200–400,Malibagh
Pizza Fest,3.9,7,Pizza,৳200–400,Malibagh
PizzaBurg Wari,4.9,12247,Pizza,$$,Malibagh
Domino’s Pizza Shantinagar,4,92,Pizza,$$,Malibagh
Talent Chef - Malibagh,4.7,13,Burger,N/A,Malibagh
BEST BURGER,5,2,Burger,N/A,Malibagh
Big Bite,4.1,1594,Burger,৳200–400,Malibagh
Classic Burger Club,4.6,5,Burger,N/A,Malibagh
Burger On,4.5,2,Burger,N/A,Malibagh
Burger & Beyond,4.3,513,Burger,৳1–200,Malibagh
Dhaka Fried Chicken,4,252,Fast Food,৳200–400,Malibagh
Dora's Kitchen Bangladesh,5,1,Fast Food,N/A,Malibagh
Momo-Xpress,4.3,6,Fast Food,N/A,Malibagh
Shakeholic Xpress,N/A,N/A,Fast Food,N/A,Malibagh
GB Express Khilgaon,3.8,6,Fast Food,N/A,Malibagh
Sayima Fastfood,5,2,Fast Food,N/A,Malibagh
Dfc Dhaka food corner,5,1,Fast Food,N/A,Malibagh
Khandani Khanapina,3,123,Fast Food,N/A,Malibagh
Wellness Cafe Malibagh,4.1,22,Cafe,N/A,Malibagh
Sharabela,4.3,573,Cafe,৳1–200,Malibagh
Imperial Cafe & Restaurant,4.2,343,Cafe,$$,Malibagh
Café Kathmandu,3.8,595,Cafe,$$,Malibagh
Tray Story,4.1,1070,Cafe,৳400–600,Malibagh
Cafe Tawa,5,4,Cafe,N/A,Malibagh
Colourful Cafe And Restaurant,4.2,13,Cafe,N/A,Malibagh
পোলাও ঘর,5,1,Bengali,N/A,Old Dhaka
Bangla Khabar Restaurant,4.2,15,Bengali,N/A,Old Dhaka
"হাটখোলা রোড,ঢাকা -১২০৩",4.9,7,Bengali,N/A,Old Dhaka
Hanif briyani,4.3,22,Bengali,৳200–400,Old Dhaka
Al Razzak Restaurant ~ Bangshal,3.9,9543,Bengali,৳200–400,Old Dhaka
Bangaliana Bhoj ~ Wari,4,115,Bengali,৳200–400,Old Dhaka
KGN Lounge,5,15,Chinese,N/A,Old Dhaka
Green House Restaurant,4.2,2433,Chinese,$$$,Old Dhaka
Lily Park Thai and Chinese Restaurant,3.9,224,Chinese,$$,Old Dhaka
Green Leaf Restaurant,4,94,Chinese,৳200–400,Old Dhaka
Peking Garden,4.1,341,Chinese,৳400–600,Old Dhaka
Pafin Chinese Restaurant Lalbagh,4,447,Chinese,৳200–400,Old Dhaka
Old City Chinese,3.6,81,Chinese,N/A,Old Dhaka
China Gate Resturent & Party center,4.8,9,Chinese,N/A,Old Dhaka
Holiday Park Thai & Chinese Restaurant,3.9,510,Chinese,৳600–800,Old Dhaka
China Hall Restaurant,3.8,473,Chinese,$$,Old Dhaka
Lalbagh Restaurant & Party Center,4.1,90,Chinese,$$,Old Dhaka
Panda Palace,4.4,16,Chinese,N/A,Old Dhaka
Blue Hill Thai & Chinese Restaurant,4.1,121,Chinese,$$,Old Dhaka
Grand Royal Castle,3.9,1486,Chinese,৳400–600,Old Dhaka
Chai Pai Chinese,3.7,1255,Chinese,$$,Old Dhaka
New Rose Garden,5,1,Chinese,N/A,Old Dhaka
Coal's Smoke,4.4,10,Indian,৳200–400,Old Dhaka
Sultan's Dine Old Dhaka,4.1,4084,Indian,৳400–600,Old Dhaka
হানিফ তেহারী ঘর,5,1,Indian,N/A,Old Dhaka
Thai Chinese Fast Food & Indian Food,5,2,Indian,N/A,Old Dhaka
Desi Woondaal,4.8,18,Indian,N/A,Old Dhaka
Grand Nawab ~ Bangshal,4,3139,Indian,৳200–400,Old Dhaka
ইসমাইল বিরিয়ানী হাউজ,5,1,Indian,N/A,Old Dhaka
Waijai Thaifoon,3.3,32,Thai,N/A,Old Dhaka
Shopno Thai Bbq,5,4,Thai,N/A,Old Dhaka
Pasta Club ~ Lalbagh,4,639,Italian,৳200–600,Old Dhaka
Pizza King,4.1,3461,Italian,৳200–400,Old Dhaka
দিয়া বাড়ি রেস্টুরেন্ট,5,1,Korean,N/A,Old Dhaka
বাঘা মামার পোলাও,5,2,Korean,N/A,Old Dhaka
Korean Food Lovers,3.7,6,Korean,N/A,Old Dhaka
Yaki Maki ~ Wari,3.5,129,Japanese,N/A,Old Dhaka
The Cocktails Cafe & Restaurant,4.2,22,Mexican,N/A,Old Dhaka
Spice & Chill,4.5,28,Mexican,N/A,Old Dhaka
PAPA ZONE RESTAURANT,3.7,79,Mexican,N/A,Old Dhaka
Burger Boogie,N/A,N/A,Mexican,N/A,Old Dhaka
Pizza Garage Lalbagh,4.1,290,Mexican,৳200–400,Old Dhaka
abcd,N/A,N/A,Mexican,N/A,Old Dhaka
EAT DA MEAT BBQ & SEA FOOD,4.5,4,BBQ,N/A,Old Dhaka
ARSALAN Lalbagh,4.3,336,BBQ,৳200–400,Old Dhaka
Badshahi Kabab & Sea Food,4,99,BBQ,৳1–200,Old Dhaka
Kabab King & Seafood ~ Nazira Bazar,3.8,33,BBQ,N/A,Old Dhaka
Turkey Kabab & Sea Food ~ Wari,4.1,612,BBQ,৳200–400,Old Dhaka
Bhooter Bari Restaurant,4,2181,BBQ,৳200–400,Old Dhaka
ক্যাফে টপটেন এন্ড BBQ. Restaurant.,4,37,BBQ,N/A,Old Dhaka
Mongolia BBQ,4.7,6,BBQ,৳1–200,Old Dhaka
ARSALAN Wari,4.2,90,BBQ,N/A,Old Dhaka
Afgani Kabab,5,2,BBQ,N/A,Old Dhaka
Royal Restaurant,4,5506,BBQ,৳200–400,Old Dhaka
Kacchi Bhai - Wari,4.5,462,Biryani/Kacchi,$$,Old Dhaka
Kashmir Biryani House,3.9,802,Biryani/Kacchi,৳200–400,Old Dhaka
Dhaka Kacchi Dine,3.8,13,Biryani/Kacchi,৳200–400,Old Dhaka
Dhaka Kacchi Ghor ~ Narinda,5,1,Biryani/Kacchi,N/A,Old Dhaka
PIZZA Garage Palashi,4.2,814,Pizza,৳200–400,Old Dhaka
Domino's Pizza Luxmibazar,4,112,Pizza,$$,Old Dhaka
Dhaleshwari live pizza,4.5,18,Pizza,৳200–400,Old Dhaka
Domino's Pizza Wari,4,242,Pizza,$$,Old Dhaka
Msquare ~ Wari,4.4,19,Pizza,৳200–400,Old Dhaka
Pizza Dorbar,4.5,4,Pizza,N/A,Old Dhaka
Pizza Hut Lalbagh,4.3,67,Pizza,$$,Old Dhaka
Pizza Mastan,4.1,120,Pizza,৳200–400,Old Dhaka
Amigos Pizza,4,114,Pizza,৳200–400,Old Dhaka
Wood Fired Pizza,4.5,21,Pizza,N/A,Old Dhaka
DHAKA FRIED CHICKEN PIZZA AND GRILL,3.8,68,Pizza,N/A,Old Dhaka
Burger Vibes Polashi,4.2,907,Burger,৳1–200,Old Dhaka
GenZer's Burgers and Fries,4.7,15,Burger,৳1–200,Old Dhaka
Bros Burger & Cafe,5,3,Burger,N/A,Old Dhaka
Burger King Balaka,3.8,1125,Burger,$$,Old Dhaka
Ahmed Burger,4.1,102,Burger,N/A,Old Dhaka
Burger Station,4.1,142,Burger,৳200–400,Old Dhaka
Burger dine,4.5,37,Burger,৳1–200,Old Dhaka
Prince Burger azimpur,4,65,Burger,N/A,Old Dhaka
The Burger Buzz,4,7,Burger,N/A,Old Dhaka
Burger n Co. Jatrabari,3.9,509,Burger,৳200–400,Old Dhaka
Prince Burger,4,69,Burger,৳1–400,Old Dhaka
Burger Khor,3.9,55,Burger,N/A,Old Dhaka
Juicy Burger,3.7,3,Burger,N/A,Old Dhaka
Burgerology ~ Wari,4.2,797,Burger,৳200–400,Old Dhaka
KINGS BURGER (ASAD),3.8,225,Burger,N/A,Old Dhaka
New Cafe Corner,4.2,1279,Fast Food,৳1–200,Old Dhaka
La Jawab Fast Food,4.1,177,Fast Food,৳1–200,Old Dhaka
KFC Wari,4,1156,Fast Food,$$,Old Dhaka
Food Land Cafe - Wari,3.9,1307,Fast Food,৳200–400,Old Dhaka
Live Food | Best Fast-food in Dhaka,5,1,Fast Food,N/A,Old Dhaka
Popeyes The Coffee Man- Wari,3.9,2011,Fast Food,৳200–400,Old Dhaka
Takeaway Polashi,4.1,539,Fast Food,$,Old Dhaka
Meena Fast Food,3.5,8,Fast Food,৳200–400,Old Dhaka
Kudos ~ Wari,4,569,Fast Food,৳200–400,Old Dhaka
IFC fast food and fried chicken,5,2,Fast Food,N/A,Old Dhaka
ISFC & FAST FOOD,4.2,5,Fast Food,N/A,Old Dhaka
FOOD-O-PHILIA,5,14,Fast Food,N/A,Old Dhaka
Fast Food Floating Shop,4.1,10,Fast Food,N/A,Old Dhaka
Fuoco It’s Hot - Wari,4.6,54,Fast Food,৳200–400,Old Dhaka
Cosmic Cafe laxmibazar,4.9,16,Cafe,৳200–400,Old Dhaka
Cafe Jagannath,4.4,164,Cafe,৳1–200,Old Dhaka
Café Social at InterContinental Dhaka,4.4,137,Cafe,"৳2,000+",Old Dhaka
Vintage Bake & Cafe,4.3,171,Cafe,৳400–600,Old Dhaka
Old Dhaka Cold Coffee,4.2,5,Cafe,N/A,Old Dhaka
Cafe City Restaurant,4.3,4,Cafe,N/A,Old Dhaka
The Cafe Dhaka Restaurant,3,2,Cafe,N/A,Old Dhaka
B cafe or Take a bite restaurent & party center,3.5,133,Cafe,N/A,Old Dhaka
T-POINT (Tea & more),4.8,11,Cafe,৳1–200,Old Dhaka
Bismillah Kabab Ghar,4.2,9545,Cafe,৳200–400,Old Dhaka
Ma sha Allah coffee house,4.6,9,Cafe,N/A,Old Dhaka
Hotel Kasturi (Pvt.) Ltd.,4.2,1000,Bengali,$$$,Motijheel
Hirajheel Hotel,4.1,10602,Bengali,৳200–400,Motijheel
Koi-Pabda & Lobster Restaura,4,373,Bengali,৳600–800,Motijheel
Deshbandhu Sweetmeat and Restaurant ~ Motijheel,4.1,818,Bengali,৳1–200,Motijheel
KINNORI RESTAURANT,4.1,299,Bengali,৳200–400,Motijheel
ঘরোয়া হোটেল অ্যান্ড রেস্টুরেন্ট,4.2,2467,Bengali,৳200–400,Motijheel
Milon Hotel & Restaurant,4.4,148,Bengali,N/A,Motijheel
Sublina's Bengali Cuisine,N/A,N/A,Bengali,N/A,Motijheel
Hoang Kitchen Chinese Restaurant,3.7,143,Chinese,N/A,Motijheel
Weston Restaurant,4.2,788,Chinese,$$,Motijheel
Midnight Sun-3,3.8,796,Chinese,$$,Motijheel
SEAGULL RESTAURANT.,4.1,768,Chinese,$$,Motijheel
Motijheel Kitchen Yard,3.7,22,Chinese,৳400–600,Motijheel
Chung Wah Restaurant,3.9,631,Chinese,$$,Motijheel
Super Supper,4.3,215,Chinese,N/A,Motijheel
Ramna Chinese Restaurant & Party Centre,3.7,613,Chinese,৳600–800,Motijheel
Nightingale Restaurant,4,330,Chinese,N/A,Motijheel
Royal Village Restaurant & Party Center,4,929,Chinese,$$,Motijheel
Indian Spicy Restaurant,4.6,14,Indian,N/A,Motijheel
Halal Rizq,4.8,10,Indian,N/A,Motijheel
Chui Lanka (চুই লঙ্কা),4.1,128,Indian,৳200–400,Motijheel
Jafran Biryani,4.6,31,Indian,৳200–400,Motijheel
Terrace 21,4.1,781,Thai,N/A,Motijheel
"Bellavista, Dhaka.",4,265,Italian,৳400–600,Motijheel
Little Arabia Restaurant,4.1,975,Italian,$$,Motijheel
Cheezato,4.9,7,Italian,N/A,Motijheel
The Rooftop ~ Paltan,4.3,296,Italian,৳400–600,Motijheel
Circle lounge rooftop restaurant,4.2,25,Italian,N/A,Motijheel
বিক্রমপুর রেস্টুরেন্ট,4,1,Korean,N/A,Motijheel
Asma Hotel,4.4,25,Korean,N/A,Motijheel
হোটেল এন্ড রেষ্টুরেন্ট,3.3,4,Korean,N/A,Motijheel
ক্যাফে এলাস্কা,4.3,124,Mexican,৳200–400,Motijheel
KFC Paltan,4.1,3472,Mexican,৳200–600,Motijheel
JacksburG,4.7,33,BBQ,৳200–400,Motijheel
Jive Jol Kabab main Haddi-2,3,3,BBQ,N/A,Motijheel
Bijoy Sea Food Kabab & Kacci ~ Nazira Bazar,5,2,BBQ,N/A,Motijheel
Molla Kabab,3,1,BBQ,N/A,Motijheel
"কাচ্চি ভ্যালি এন্ড পার্টি সেন্টার, মতিঝিল",4.1,252,Biryani/Kacchi,৳200–400,Motijheel
Adi Nanna Biriyani,3.9,399,Biryani/Kacchi,$$,Motijheel
Hanif Biryani,4,552,Biryani/Kacchi,৳200–400,Motijheel
Grand Sultan,4,463,Biryani/Kacchi,$$,Motijheel
Nanna biryani,4.1,29,Biryani/Kacchi,N/A,Motijheel
Domino's Pizza Paltan,4.1,32,Pizza,N/A,Motijheel
PizzJuice - পিজ্জজুস,5,2,Pizza,N/A,Motijheel
Domino's Pizza Eskaton,4.2,178,Pizza,$$,Motijheel
The Pizza Cafe,4.3,52,Pizza,৳200–400,Motijheel
Burgerio,4.3,117,Burger,৳200–400,Motijheel
New Mr. Burger,4.1,20,Burger,N/A,Motijheel
Burger & Boost,3.9,47,Burger,৳200–400,Motijheel
Eva Burger House,3.8,36,Burger,N/A,Motijheel
Hot Hut ! Quality Food,4.1,327,Burger,৳1–200,Motijheel
HOT BURGER AND JUICEBAR,5,2,Burger,N/A,Motijheel
Family Mart Food Court,4.1,151,Burger,৳1–200,Motijheel
Takeout Ramna,4.3,1148,Burger,$$,Motijheel
BFC ~ Motijheel,4,261,Fast Food,৳200–400,Motijheel
Food Festival,4.3,203,Fast Food,N/A,Motijheel
Sausly's Food,3.9,104,Fast Food,N/A,Motijheel
DECENT Catering & Cafe (Cafe Lotus),4,87,Fast Food,৳200–400,Motijheel
Jeneva Fast Food & Confectionery,4.4,13,Fast Food,N/A,Motijheel
মেট্রো ফুডস্,4.4,71,Fast Food,৳1–200,Motijheel
Live momo & fast food,4.5,2,Fast Food,N/A,Motijheel
Helvetia Motijheel 1,4,87,Fast Food,৳200–400,Motijheel
Helvetia shapla chottor,3.9,214,Fast Food,৳400–600,Motijheel
Dreams Food BD,4,3,Fast Food,N/A,Motijheel
Cream and Crust Metro Restaurant,3.2,9,Fast Food,৳200–400,Motijheel
Cafe Jheel,4.8,14,Cafe,N/A,Motijheel
The Starbucks Coffee Castle,3.8,551,Cafe,$$,Motijheel
Cafe Mawla Sweets and Restaurant,3.8,570,Cafe,৳1–400,Motijheel
ক্যাফে হইচই,4.3,152,Cafe,৳1–200,Motijheel
New Cafe Motijheel Restaurant,3.6,52,Cafe,৳1–200,Motijheel
Dhaka cafe,5,2,Cafe,N/A,Motijheel
Cafe Royal Hotel & Restaurant,4,4,Cafe,N/A,Motijheel
"রিও কফি Rio coffee, Arambagh",4,374,Cafe,৳200–400,Motijheel
Rio Coffee Rajarbagh,4.2,193,Cafe,$$,Motijheel
Bread & Beyond - Motijheel,4.3,83,Cafe,৳200–400,Motijheel
Refresh Cafe BD,5,17,Cafe,N/A,Motijheel
Cafe Dhaka Hotel & Restaurant,4.5,2,Cafe,N/A,Motijheel
Cafe Jill Plaza Hotel & Restaurant,4.5,4,Cafe,N/A,Motijheel
Coffee Cookers 7 Restaurant,4.3,1637,Bengali,৳200–400,Tejgaon
Aharika Budget Restaurant & Party Center,3.9,356,Bengali,৳200–400,Tejgaon
Chaplin,4.1,238,Bengali,৳1–200,Tejgaon
Puran Dhaka Najira Bazar Tehari House & Catering,N/A,N/A,Bengali,N/A,Tejgaon
বাংলা কিচেন - Bangla Kitchen,4.5,12,Bengali,৳1–200,Tejgaon
Munmun's Kitchen,3.9,1384,Bengali,৳200–400,Tejgaon
মাদল,4.2,1337,Bengali,৳200–400,Tejgaon
Charulata Restora,3.8,399,Bengali,৳200–400,Tejgaon
Yean Tun Chinese & Thai Restaurant,3.8,645,Chinese,$$,Tejgaon
Park Town Restaurant & Convention Hall,4.2,157,Chinese,$$,Tejgaon
Prince Restaurant & Chinese,3.5,418,Chinese,৳200–400,Tejgaon
Park Town Restaurant & Party Center,4.5,10,Chinese,N/A,Tejgaon
The Kitchen,4,770,Chinese,৳400–600,Tejgaon
Waterfall Restaurant & Convention Hall,3.9,1632,Chinese,$$,Tejgaon
Hakka Kitchen,4.1,393,Chinese,$$,Tejgaon
New Kostury Chaya-neer Restaurant Bangla & Thai Chinese,3.5,162,Chinese,N/A,Tejgaon
Golden Chimney Restaurant,4,1126,Chinese,$$,Tejgaon
পুরান ঢাকার তেহারী,5,1,Indian,N/A,Tejgaon
Indian Spicy Masala,3.4,99,Indian,৳200–400,Tejgaon
The Catering Company,5,10,Indian,N/A,Tejgaon
Attitude Restaurant at Holiday Inn Dhaka City Centre,4.4,172,Indian,"৳2,000+",Tejgaon
Alfresco Tejgaon,4.1,873,Italian,৳400–600,Tejgaon
Café Florentine,4.3,809,Italian,৳600–800,Tejgaon
PIZZA EXPRESS TEJGAON,4.2,34,Italian,৳1–200,Tejgaon
Crave & Bite,5,16,Italian,৳1–200,Tejgaon
Sky View Restaurant,4,676,Italian,$$,Tejgaon
Pizza Captain,4.1,61,Italian,৳200–400,Tejgaon
RIGS Café,3.8,351,Italian,৳200–400,Tejgaon
Cafe Bleu ~ PanthaPath,4,551,Italian,৳400–600,Tejgaon
Holy Cow Korean Cuisine ~ Bashundhara City - Panthapath,4.3,6,Korean,N/A,Tejgaon
Ramen food Dhaka,4.3,40,Japanese,N/A,Tejgaon
Taiyaki Izumo,3,2,Japanese,N/A,Tejgaon
Fajitas Green Road,3.7,512,Mexican,৳200–400,Tejgaon
Impetus Lounge,4.3,1079,Mexican,N/A,Tejgaon
Checker's,4.1,600,Mexican,৳200–400,Tejgaon
"""Alif Laila"" Open Roof Top Restaurant (Green & Grill)",4,133,Mexican,৳200–400,Tejgaon
The Green Lounge,4.3,4891,Mexican,$$$,Tejgaon
Skylight BBQ Cafe Restaurant,3.9,233,BBQ,N/A,Tejgaon
Deshi Shad 3,5,2,BBQ,N/A,Tejgaon
The Rainy Roof Restaurant,4.3,561,BBQ,N/A,Tejgaon
Pizza live,4.5,4,Pizza,N/A,Tejgaon
Pizza land,4.3,19,Pizza,N/A,Tejgaon
Pizza Hut Green Road,4,286,Pizza,$$,Tejgaon
Domino's Pizza Panthapath,4.2,1074,Pizza,$$,Tejgaon
Pizza Territory,4.3,37,Pizza,৳200–400,Tejgaon
Shera pizza,5,9,Pizza,N/A,Tejgaon
Pizza Verse,5,1,Pizza,N/A,Tejgaon
Bella Pizzeria Dhaka,4.6,22,Pizza,N/A,Tejgaon
Pizza Express,4.1,101,Pizza,৳200–400,Tejgaon
Pizza Inn Bashundhara City Shopping Complex,4,1,Pizza,N/A,Tejgaon
Cheese Bomb,4.5,12,Pizza,N/A,Tejgaon
Burger Attack Restaurant,5,1,Burger,N/A,Tejgaon
American Burger -Panthapath Branch,4,149,Burger,৳400–600,Tejgaon
Burger Bank,3.8,206,Burger,N/A,Tejgaon
Takeout Tejgaon,4.1,63,Burger,৳200–400,Tejgaon
SLAW Bistro,4.2,183,Burger,N/A,Tejgaon
KFC Panthapath,4,1643,Fast Food,$$,Tejgaon
Chaap Station,4,916,Fast Food,৳200–400,Tejgaon
CP Five Star-Tejgaon Industrial Area Branch,4.3,15,Fast Food,৳200–400,Tejgaon
Mollika Snacks,4.2,773,Fast Food,৳1–200,Tejgaon
Chicken Juice - চিকেন জুস,4.6,25,Fast Food,৳1–200,Tejgaon
Food Fair Fast Food and Chinese Restaurant,3.8,9,Fast Food,N/A,Tejgaon
WOW! Food on Truck,3.7,574,Fast Food,$,Tejgaon
Take A Break,4.8,9,Fast Food,N/A,Tejgaon
New Subway Food,4.2,5,Fast Food,N/A,Tejgaon
snacksville,4.6,5,Fast Food,N/A,Tejgaon
Foodnest Greenroad,4.2,156,Fast Food,৳200–400,Tejgaon
Real Fast Food,5,3,Fast Food,N/A,Tejgaon
The White Canary Cafe - Tejgaon,4.2,247,Cafe,N/A,Tejgaon
jhvjhvj,4.2,13,Cafe,N/A,Tejgaon
Cafe New Naiori Restaurant,4.2,66,Cafe,N/A,Tejgaon
Cafe Simsim Farmgate,4.1,448,Cafe,৳200–400,Tejgaon
Dinia Coffee House,4.2,91,Cafe,N/A,Tejgaon
Cafe Kashbon Hotel & Restaurant,3.8,52,Cafe,৳1–200,Tejgaon
নোলক প্রকাশন,3.7,245,Bengali,$,Farmgate
Farmgate Restaurant,3.9,32,Bengali,৳200–400,Farmgate
Cafe Haji Restora,4,242,Bengali,৳200–400,Farmgate
Lalbag Biriyani House,3.7,66,Bengali,৳1–200,Farmgate
Sky Restaurant,3.8,333,Chinese,৳200–400,Farmgate
Chinese New Plaza Restaurant,3.8,233,Chinese,৳1–200,Farmgate
Piccadilly Restaurant,3.6,1046,Chinese,৳400–600,Farmgate
Green Chilli Restaurant,4,155,Chinese,$$,Farmgate
Alam Restaurant And Mini Chinese,3.9,483,Chinese,৳200–400,Farmgate
Vrinda's Kitchen Farmgate,4.3,553,Chinese,N/A,Farmgate
Indian Shahi Darbar,5,4,Indian,N/A,Farmgate
আল্লাহর দান বিরিয়ানী হাউজ,4.5,2,Indian,N/A,Farmgate
Indian & Bangla Hot Spicy,4.3,4,Indian,N/A,Farmgate
Indian Kitchen ~ Bashundhara City - Panthapath,3.7,3,Indian,N/A,Farmgate
Broken Hill,4.8,13,Thai,৳200–600,Farmgate
Cafe Glutton,4.1,400,Italian,৳200–400,Farmgate
Friends & Family restaurant,4.4,22,Italian,N/A,Farmgate
পার্সোনাল টং ( Personal Tong ),5,2,Japanese,N/A,Farmgate
trend-paradise,N/A,N/A,Japanese,N/A,Farmgate
Wasabi Farmgate,3.9,53,BBQ,৳200–400,Farmgate
Broast & Grill,3.8,81,BBQ,N/A,Farmgate
JABA,4.5,130,BBQ,৳400–600,Farmgate
Sub and Food Corner,4.3,14,BBQ,N/A,Farmgate
Hotel New Star & Kabab,3.9,1450,BBQ,৳200–400,Farmgate
Mr. Kacchi,2.6,34,Biryani/Kacchi,৳200–400,Farmgate
Pizza Voyage,5,2,Pizza,N/A,Farmgate
Pizza on Fire,N/A,N/A,Pizza,N/A,Farmgate
Matro Food,4.3,4,Fast Food,N/A,Farmgate
Fry Bucket - Farmgate,2.6,12,Fast Food,N/A,Farmgate
Olive Restaurant,3.2,110,Fast Food,৳200–400,Farmgate
Dip In Dhaka,5,1,Fast Food,N/A,Farmgate
FNF Fast food,N/A,N/A,Fast Food,N/A,Farmgate
Flavour & Aromas,5,2,Cafe,N/A,Farmgate
Paglagarod Cafe,N/A,N/A,Cafe,N/A,Farmgate
King's Kabab And Restaurant,3.9,560,Bengali,৳1–200,Niketan
Anwar's Kitchen,4.1,40,Chinese,৳1–200,Niketan
Sky Dine Rooftop Restaurant,4,71,Indian,৳400–600,Niketan
The Garden Kitchen at Sheraton Dhaka,4.5,693,Indian,"৳2,000+",Niketan
Lakeshore Suites,4.3,1699,Indian,$60,Niketan
Calcutta Kitchen,4.7,6,Indian,N/A,Niketan
Absolute Thai-Chef's Table Courtside,3.7,6,Thai,N/A,Niketan
مطعم التايلندي,N/A,N/A,Thai,N/A,Niketan
Laa Italiano Restaurant,4.4,96,Italian,$$,Niketan
Han She 汉禧,4.3,59,Japanese,"৳2,000+",Niketan
Mexican Sub & Juice Bar,3.3,4,Mexican,N/A,Niketan
La Cantina,3.7,55,Mexican,N/A,Niketan
Quesadilla [La Mexicana Grill],3.5,38,Mexican,N/A,Niketan
Smokin oak bbq স্মোকিন ওক বারবিকিউ,4.9,7,BBQ,N/A,Niketan
B.B.Q ZONE,4.1,38,BBQ,৳200–400,Niketan
PizzaBurg Shonir Akhra,4.9,4075,Pizza,$$,Niketan
The Burger Bounce,4.5,4,Burger,৳200–400,Niketan
Tasty Treat Café - Niketon,4.4,102,Burger,৳200–400,Niketan
California Fried Chicken and Pastry Shop (CFC) Niketon,4.1,739,Fast Food,$$,Niketan
Fuchka Chemistry,5,23,Fast Food,৳1–200,Niketan
"Dhaka Fried Chicken, Pizza & Grill",4.1,203,Fast Food,৳200–400,Niketan
Fish & Co. (Gulshan 1),4.3,3788,Fast Food,"৳2,000+",Niketan
Chhayaneer Confectionery and Fast Food,3.9,310,Fast Food,৳1–200,Niketan
Kindred Cafe & Bakery,4.2,50,Cafe,৳200–400,Niketan
Cricketer's Kitchen & Cafe,4.2,1663,Cafe,$$,Niketan
Caffe Ricotta,4.4,17,Cafe,৳400–600,Niketan
The Coffee Bean & Tea Leaf,4.3,4261,Cafe,$$$,Niketan